"seriesID","seriesCode","seriesName","seriesParent","seriesUnits","entityID","entityIso","entityName","dataValue","dataYear","dataNote","dataSource","seriesDescription"
28228,"HHU271s_HHTotalIndividual","Individuals using a smart phone",,"%",10,"ALB","Albania","67.576937547462",2019,"","INSTAT (Institute of Statistics)","Refers to the proportion of individuals using a smart telephone. An individual uses a smart telephone if he/she has a smart phone device with at least one active SIM card for personal use."
28228,"HHU271s_HHTotalIndividual","Individuals using a smart phone",,"%",10,"ALB","Albania","71.3410625624882",2020,"","INSTAT (Institute of Statistics)","Refers to the proportion of individuals using a smart telephone. An individual uses a smart telephone if he/she has a smart phone device with at least one active SIM card for personal use."
28228,"HHU271s_HHTotalIndividual","Individuals using a smart phone",,"%",10,"ALB","Albania","78.2815386793015",2021,"","INSTAT (Institute of Statistics)","Refers to the proportion of individuals using a smart telephone. An individual uses a smart telephone if he/she has a smart phone device with at least one active SIM card for personal use."
28228,"HHU271s_HHTotalIndividual","Individuals using a smart phone",,"%",10,"ALB","Albania","82.5599900000417",2022,"","Institute of Statistics","Refers to the proportion of individuals using a smart telephone. An individual uses a smart telephone if he/she has a smart phone device with at least one active SIM card for personal use."
28228,"HHU271s_HHTotalIndividual","Individuals using a smart phone",,"%",10,"ALB","Albania","82.9716390426208",2023,"","Institute of Statistics","Refers to the proportion of individuals using a smart telephone. An individual uses a smart telephone if he/she has a smart phone device with at least one active SIM card for personal use."
28228,"HHU271s_HHTotalIndividual","Individuals using a smart phone",,"%",10,"ALB","Albania","86.06112471853493",2024,"","Institute of Statistics","Refers to the proportion of individuals using a smart telephone. An individual uses a smart telephone if he/she has a smart phone device with at least one active SIM card for personal use."
28228,"HHU271s_HHTotalIndividual","Individuals using a smart phone",,"%",18,"SAU","Saudi Arabia","93.0",2017,"","Communication and Information Technology Commission (CITC)","Refers to the proportion of individuals using a smart telephone. An individual uses a smart telephone if he/she has a smart phone device with at least one active SIM card for personal use."
28228,"HHU271s_HHTotalIndividual","Individuals using a smart phone",,"%",18,"SAU","Saudi Arabia","99.0890974720701",2019,"","Communications andI nformation Technology Commision","Refers to the proportion of individuals using a smart telephone. An individual uses a smart telephone if he/she has a smart phone device with at least one active SIM card for personal use."
28228,"HHU271s_HHTotalIndividual","Individuals using a smart phone",,"%",18,"SAU","Saudi Arabia","98.7589367268965",2020,"","Communications andI nformation Technology Commision","Refers to the proportion of individuals using a smart telephone. An individual uses a smart telephone if he/she has a smart phone device with at least one active SIM card for personal use."
28228,"HHU271s_HHTotalIndividual","Individuals using a smart phone",,"%",18,"SAU","Saudi Arabia","99.2586727848437",2021,"","Communications andI nformation Technology Commision","Refers to the proportion of individuals using a smart telephone. An individual uses a smart telephone if he/she has a smart phone device with at least one active SIM card for personal use."
28228,"HHU271s_HHTotalIndividual","Individuals using a smart phone",,"%",18,"SAU","Saudi Arabia","99.7000002646913",2022,"","Communications & IT Commission","Refers to the proportion of individuals using a smart telephone. An individual uses a smart telephone if he/she has a smart phone device with at least one active SIM card for personal use."
28228,"HHU271s_HHTotalIndividual","Individuals using a smart phone",,"%",18,"SAU","Saudi Arabia","99.9120249679132",2023,"Results are based on unweighted survey data","Communications & IT Commission","Refers to the proportion of individuals using a smart telephone. An individual uses a smart telephone if he/she has a smart phone device with at least one active SIM card for personal use."
28228,"HHU271s_HHTotalIndividual","Individuals using a smart phone",,"%",25,"AZE","Azerbaijan","77.6951961790505",2020,"","State Statistical Committee","Refers to the proportion of individuals using a smart telephone. An individual uses a smart telephone if he/she has a smart phone device with at least one active SIM card for personal use."
28228,"HHU271s_HHTotalIndividual","Individuals using a smart phone",,"%",25,"AZE","Azerbaijan","80.8201010636594",2021,"","State Statistical Committee","Refers to the proportion of individuals using a smart telephone. An individual uses a smart telephone if he/she has a smart phone device with at least one active SIM card for personal use."
28228,"HHU271s_HHTotalIndividual","Individuals using a smart phone",,"%",25,"AZE","Azerbaijan","81.3595051617865",2022,"","State Statistical Committee of the Republic of Azerbaijan","Refers to the proportion of individuals using a smart telephone. An individual uses a smart telephone if he/she has a smart phone device with at least one active SIM card for personal use."
28228,"HHU271s_HHTotalIndividual","Individuals using a smart phone",,"%",25,"AZE","Azerbaijan","84.2698999097899",2023,"","State Statistical Committee of the Republic of Azerbaijan","Refers to the proportion of individuals using a smart telephone. An individual uses a smart telephone if he/she has a smart phone device with at least one active SIM card for personal use."
28228,"HHU271s_HHTotalIndividual","Individuals using a smart phone",,"%",25,"AZE","Azerbaijan","84.26989211591919",2025,"","State Statistical Committee of the Republic of Azerbaijan","Refers to the proportion of individuals using a smart telephone. An individual uses a smart telephone if he/she has a smart phone device with at least one active SIM card for personal use."
28228,"HHU271s_HHTotalIndividual","Individuals using a smart phone",,"%",29,"BDI","Burundi","12.940023472738632",2020,"","Institut National de la Statistique du Burundi ","Refers to the proportion of individuals using a smart telephone. An individual uses a smart telephone if he/she has a smart phone device with at least one active SIM card for personal use."
28228,"HHU271s_HHTotalIndividual","Individuals using a smart phone",,"%",30,"BEL","Belgium","73.4445368364896",2017,"","Statbel (Algemene Directie Statistiek - Statistics Belgium)
Statbel (Direction générale Statistique - Statistics Belgium)","Refers to the proportion of individuals using a smart telephone. An individual uses a smart telephone if he/she has a smart phone device with at least one active SIM card for personal use."
28228,"HHU271s_HHTotalIndividual","Individuals using a smart phone",,"%",30,"BEL","Belgium","82.8164948537476",2020,"","Statistics Belgium (Statbel)","Refers to the proportion of individuals using a smart telephone. An individual uses a smart telephone if he/she has a smart phone device with at least one active SIM card for personal use."
28228,"HHU271s_HHTotalIndividual","Individuals using a smart phone",,"%",30,"BEL","Belgium","90.0292265169415",2021,"only data for smart phone available","Statistics Belgium (Statbel)","Refers to the proportion of individuals using a smart telephone. An individual uses a smart telephone if he/she has a smart phone device with at least one active SIM card for personal use."
28228,"HHU271s_HHTotalIndividual","Individuals using a smart phone",,"%",30,"BEL","Belgium","86.7281239038055",2022,"using smarthphone or cell phone for internet access in the last 3 months","Statistics Belgium (Statbel)","Refers to the proportion of individuals using a smart telephone. An individual uses a smart telephone if he/she has a smart phone device with at least one active SIM card for personal use."
28228,"HHU271s_HHTotalIndividual","Individuals using a smart phone",,"%",30,"BEL","Belgium","87.2233112767937",2023,"online use","Statbel (Directorate General Statistics - Statistics Belgium)","Refers to the proportion of individuals using a smart telephone. An individual uses a smart telephone if he/she has a smart phone device with at least one active SIM card for personal use."
28228,"HHU271s_HHTotalIndividual","Individuals using a smart phone",,"%",34,"BGD","Bangladesh","28.8675780119764",2023,"","Bangladesh Bureau of Statistics","Refers to the proportion of individuals using a smart telephone. An individual uses a smart telephone if he/she has a smart phone device with at least one active SIM card for personal use."
28228,"HHU271s_HHTotalIndividual","Individuals using a smart phone",,"%",34,"BGD","Bangladesh","45.26911105789449",2024,"","Bangladesh Bureau of Statistics","Refers to the proportion of individuals using a smart telephone. An individual uses a smart telephone if he/she has a smart phone device with at least one active SIM card for personal use."
28228,"HHU271s_HHTotalIndividual","Individuals using a smart phone",,"%",35,"BHR","Bahrain","99.5223880597017",2019,"estimated based on 2019 residential survey","Telecommunications Regulatory Authority (TRA)","Refers to the proportion of individuals using a smart telephone. An individual uses a smart telephone if he/she has a smart phone device with at least one active SIM card for personal use."
28228,"HHU271s_HHTotalIndividual","Individuals using a smart phone",,"%",35,"BHR","Bahrain","100.0",2020,"estimated based on 2020 residential survey","Telecommunications Regulatory Authority (TRA)","Refers to the proportion of individuals using a smart telephone. An individual uses a smart telephone if he/she has a smart phone device with at least one active SIM card for personal use."
28228,"HHU271s_HHTotalIndividual","Individuals using a smart phone",,"%",35,"BHR","Bahrain","99.3468321358588",2021,"estimated based on 2021 residential survey","Telecommunications Regulatory Authority (TRA)","Refers to the proportion of individuals using a smart telephone. An individual uses a smart telephone if he/she has a smart phone device with at least one active SIM card for personal use."
28228,"HHU271s_HHTotalIndividual","Individuals using a smart phone",,"%",35,"BHR","Bahrain","100.0",2022,"Estimated based on 2022 residential survey","Information and E-Government Authority","Refers to the proportion of individuals using a smart telephone. An individual uses a smart telephone if he/she has a smart phone device with at least one active SIM card for personal use."
28228,"HHU271s_HHTotalIndividual","Individuals using a smart phone",,"%",35,"BHR","Bahrain","100.0",2023,"Estimated based on 2023 residential survey","TRA bahrain","Refers to the proportion of individuals using a smart telephone. An individual uses a smart telephone if he/she has a smart phone device with at least one active SIM card for personal use."
28228,"HHU271s_HHTotalIndividual","Individuals using a smart phone",,"%",35,"BHR","Bahrain","100.0",2024,"","TRA bahrain","Refers to the proportion of individuals using a smart telephone. An individual uses a smart telephone if he/she has a smart phone device with at least one active SIM card for personal use."
28228,"HHU271s_HHTotalIndividual","Individuals using a smart phone",,"%",37,"BLR","Belarus","93.8420574283169",2024,"in the last 12 months","National Statistical Committee of the Republic of Belarus (Belstat)","Refers to the proportion of individuals using a smart telephone. An individual uses a smart telephone if he/she has a smart phone device with at least one active SIM card for personal use."
28228,"HHU271s_HHTotalIndividual","Individuals using a smart phone",,"%",40,"BWA","Botswana","60.742333106952685",2024,"","Statistics Botswana","Refers to the proportion of individuals using a smart telephone. An individual uses a smart telephone if he/she has a smart phone device with at least one active SIM card for personal use."
28228,"HHU271s_HHTotalIndividual","Individuals using a smart phone",,"%",43,"BRN","Brunei Darussalam","89.0",2022,"","Authority for Info-communications Technology Industry of Brunei Darussalam","Refers to the proportion of individuals using a smart telephone. An individual uses a smart telephone if he/she has a smart phone device with at least one active SIM card for personal use."
28228,"HHU271s_HHTotalIndividual","Individuals using a smart phone",,"%",43,"BRN","Brunei Darussalam","93.60244148712887",2024,"","Authority for Info-communications Technology Industry of Brunei Darussalam","Refers to the proportion of individuals using a smart telephone. An individual uses a smart telephone if he/she has a smart phone device with at least one active SIM card for personal use."
28228,"HHU271s_HHTotalIndividual","Individuals using a smart phone",,"%",44,"BTN","Bhutan","87.1621668616451",2021,"","MINISTRY OF INFORMATION AND COMMUNICATIONS","Refers to the proportion of individuals using a smart telephone. An individual uses a smart telephone if he/she has a smart phone device with at least one active SIM card for personal use."
28228,"HHU271s_HHTotalIndividual","Individuals using a smart phone",,"%",45,"BGR","Bulgaria","71.8387202342983",2021,"Individuals used the internet on a smart phone in the last 3 months","National Statistical Institute","Refers to the proportion of individuals using a smart telephone. An individual uses a smart telephone if he/she has a smart phone device with at least one active SIM card for personal use."
28228,"HHU271s_HHTotalIndividual","Individuals using a smart phone",,"%",47,"CAN","Canada","85.0",2022,"","Statistics Canada","Refers to the proportion of individuals using a smart telephone. An individual uses a smart telephone if he/she has a smart phone device with at least one active SIM card for personal use."
28228,"HHU271s_HHTotalIndividual","Individuals using a smart phone",,"%",48,"KHM","Cambodia","36.6786562383368",2017,"","National Institute of Statistics, Minsitry of Planning, Cambodia","Refers to the proportion of individuals using a smart telephone. An individual uses a smart telephone if he/she has a smart phone device with at least one active SIM card for personal use."
28228,"HHU271s_HHTotalIndividual","Individuals using a smart phone",,"%",53,"COL","Colombia","84.12862478520549",2024,"The survey does not inquire about this question. ","Departamento Administrativo Nacional de Estadistica (DANE)","Refers to the proportion of individuals using a smart telephone. An individual uses a smart telephone if he/she has a smart phone device with at least one active SIM card for personal use."
28228,"HHU271s_HHTotalIndividual","Individuals using a smart phone",,"%",61,"CIV","Côte d'Ivoire","42.36273433333631",2024,"","ARTCI","Refers to the proportion of individuals using a smart telephone. An individual uses a smart telephone if he/she has a smart phone device with at least one active SIM card for personal use."
28228,"HHU271s_HHTotalIndividual","Individuals using a smart phone",,"%",66,"CYP","Cyprus","86.5661177464016",2019,"","STATISTICAL SERVICE OF CYPRUS","Refers to the proportion of individuals using a smart telephone. An individual uses a smart telephone if he/she has a smart phone device with at least one active SIM card for personal use."
28228,"HHU271s_HHTotalIndividual","Individuals using a smart phone",,"%",66,"CYP","Cyprus","88.8592372857152",2020,"","Statistical Service of Cyprus","Refers to the proportion of individuals using a smart telephone. An individual uses a smart telephone if he/she has a smart phone device with at least one active SIM card for personal use."
28228,"HHU271s_HHTotalIndividual","Individuals using a smart phone",,"%",67,"DEU","Germany","68.3069190547607",2019,"only MOBILE internet use by device","Statistisches Bundesamt (Destatis)","Refers to the proportion of individuals using a smart telephone. An individual uses a smart telephone if he/she has a smart phone device with at least one active SIM card for personal use."
28228,"HHU271s_HHTotalIndividual","Individuals using a smart phone",,"%",71,"DNK","Denmark","83.9625242983898",2017,"Refers to individuals who used a mobile phone or a smart phone to access the Internet in the last 3 months","Statistics Denmark ","Refers to the proportion of individuals using a smart telephone. An individual uses a smart telephone if he/she has a smart phone device with at least one active SIM card for personal use."
28228,"HHU271s_HHTotalIndividual","Individuals using a smart phone",,"%",71,"DNK","Denmark","91.2323790034827",2021,"individuals using a mobile phone for internet access","Statistics Denmark ","Refers to the proportion of individuals using a smart telephone. An individual uses a smart telephone if he/she has a smart phone device with at least one active SIM card for personal use."
28228,"HHU271s_HHTotalIndividual","Individuals using a smart phone",,"%",72,"DOM","Dominican Rep.","78.3898153071303",2022,"","Oficina Nacional de Estadistica","Refers to the proportion of individuals using a smart telephone. An individual uses a smart telephone if he/she has a smart phone device with at least one active SIM card for personal use."
28228,"HHU271s_HHTotalIndividual","Individuals using a smart phone",,"%",74,"EGY","Egypt","54.3672357787755",2019,"","Ministry of Communications and Information Technology","Refers to the proportion of individuals using a smart telephone. An individual uses a smart telephone if he/she has a smart phone device with at least one active SIM card for personal use."
28228,"HHU271s_HHTotalIndividual","Individuals using a smart phone",,"%",74,"EGY","Egypt","66.396484295846",2020,"","Ministry of Communications and Information Technology","Refers to the proportion of individuals using a smart telephone. An individual uses a smart telephone if he/she has a smart phone device with at least one active SIM card for personal use."
28228,"HHU271s_HHTotalIndividual","Individuals using a smart phone",,"%",74,"EGY","Egypt","65.9615188050967",2022,"","Ministry of Communications and Information Technology","Refers to the proportion of individuals using a smart telephone. An individual uses a smart telephone if he/she has a smart phone device with at least one active SIM card for personal use."
28228,"HHU271s_HHTotalIndividual","Individuals using a smart phone",,"%",95,"GRC","Greece","69.4624834034738",2020,"Individuals 16-74 years old using (current information) smart phone for private use among internet users of the A' quarter of 2020 (5964640)","Hellenic Statistical Authority","Refers to the proportion of individuals using a smart telephone. An individual uses a smart telephone if he/she has a smart phone device with at least one active SIM card for personal use."
28228,"HHU271s_HHTotalIndividual","Individuals using a smart phone",,"%",103,"HKG","Hong Kong, China","88.9655924702362",2017,"Owned and used a smartphone, or or accessed the Internet via smartphones in the last twelve months.","Census and Statistics Department","Refers to the proportion of individuals using a smart telephone. An individual uses a smart telephone if he/she has a smart phone device with at least one active SIM card for personal use."
28228,"HHU271s_HHTotalIndividual","Individuals using a smart phone",,"%",103,"HKG","Hong Kong, China","90.44711991716",2018,"Owned and used a smartphone, or or accessed the Internet via smartphones in the last twelve months.","Census and Statistics Department","Refers to the proportion of individuals using a smart telephone. An individual uses a smart telephone if he/she has a smart phone device with at least one active SIM card for personal use."
28228,"HHU271s_HHTotalIndividual","Individuals using a smart phone",,"%",103,"HKG","Hong Kong, China","92.1861833335887",2019,"Owned and used a smartphone, or or accessed the Internet via smartphones in the last twelve months.","Census and Statistics Department","Refers to the proportion of individuals using a smart telephone. An individual uses a smart telephone if he/she has a smart phone device with at least one active SIM card for personal use."
28228,"HHU271s_HHTotalIndividual","Individuals using a smart phone",,"%",103,"HKG","Hong Kong, China","92.5683463187497",2020,"Owned and used a smartphone, or or accessed the Internet via smartphones in the last twelve months.","Census and Statistics Department","Refers to the proportion of individuals using a smart telephone. An individual uses a smart telephone if he/she has a smart phone device with at least one active SIM card for personal use."
28228,"HHU271s_HHTotalIndividual","Individuals using a smart phone",,"%",103,"HKG","Hong Kong, China","93.4976224036183",2021,"Owned and used a smartphone, or or accessed the Internet via smartphones in the last twelve months.","Census and Statistics Department","Refers to the proportion of individuals using a smart telephone. An individual uses a smart telephone if he/she has a smart phone device with at least one active SIM card for personal use."
28228,"HHU271s_HHTotalIndividual","Individuals using a smart phone",,"%",103,"HKG","Hong Kong, China","97.5310757344466",2022,"Owned and used a smartphone, or or accessed the Internet via smartphones in the last twelve months.","Census and Statistics Department","Refers to the proportion of individuals using a smart telephone. An individual uses a smart telephone if he/she has a smart phone device with at least one active SIM card for personal use."
28228,"HHU271s_HHTotalIndividual","Individuals using a smart phone",,"%",103,"HKG","Hong Kong, China","96.8028043455268",2023,"","Census and Statistics Department, Hong Kong Special Administrative Region, China","Refers to the proportion of individuals using a smart telephone. An individual uses a smart telephone if he/she has a smart phone device with at least one active SIM card for personal use."
28228,"HHU271s_HHTotalIndividual","Individuals using a smart phone",,"%",103,"HKG","Hong Kong, China","96.5269839359846",2024,"In previous 12 months. Excludes foreign domestic helpers.","Census and Statistics Department, Hong Kong Special Administrative Region, China","Refers to the proportion of individuals using a smart telephone. An individual uses a smart telephone if he/she has a smart phone device with at least one active SIM card for personal use."
28228,"HHU271s_HHTotalIndividual","Individuals using a smart phone",,"%",111,"ITA","Italy","90.4364570411774",2020,"","National Institute of Statistics","Refers to the proportion of individuals using a smart telephone. An individual uses a smart telephone if he/she has a smart phone device with at least one active SIM card for personal use."
28228,"HHU271s_HHTotalIndividual","Individuals using a smart phone",,"%",113,"IND","India","70.8739",2025,"","Ministry of Statistics and Programme Implementation","Refers to the proportion of individuals using a smart telephone. An individual uses a smart telephone if he/she has a smart phone device with at least one active SIM card for personal use."
28228,"HHU271s_HHTotalIndividual","Individuals using a smart phone",,"%",116,"IRN","Iran (Islamic Republic of)","51.7508488509486",2017,"","Statistical Centre of Iran","Refers to the proportion of individuals using a smart telephone. An individual uses a smart telephone if he/she has a smart phone device with at least one active SIM card for personal use."
28228,"HHU271s_HHTotalIndividual","Individuals using a smart phone",,"%",116,"IRN","Iran (Islamic Republic of)","72.4154024562852",2021,"","Statistical Centre of Iran","Refers to the proportion of individuals using a smart telephone. An individual uses a smart telephone if he/she has a smart phone device with at least one active SIM card for personal use."
28228,"HHU271s_HHTotalIndividual","Individuals using a smart phone",,"%",117,"IRQ","Iraq","8.902891027267698",2022,"","Authority of Statistics and Geographic Information Systems","Refers to the proportion of individuals using a smart telephone. An individual uses a smart telephone if he/she has a smart phone device with at least one active SIM card for personal use."
28228,"HHU271s_HHTotalIndividual","Individuals using a smart phone",,"%",120,"JPN","Japan","80.7634358753601",2017,"estimated by the following method. (The estimation population of more than 6 years old)×(Survey result(%)). Used in the last 12 months","Ministry of Internal Affairs and Communications","Refers to the proportion of individuals using a smart telephone. An individual uses a smart telephone if he/she has a smart phone device with at least one active SIM card for personal use."
28228,"HHU271s_HHTotalIndividual","Individuals using a smart phone",,"%",120,"JPN","Japan","72.9065416718063",2018,"Estimated by the following method; (The estimation population of more than 6 years old in 2018)*(Survey result(%)) in the last 12 months","Ministry of Internal Affairs and Communications","Refers to the proportion of individuals using a smart telephone. An individual uses a smart telephone if he/she has a smart phone device with at least one active SIM card for personal use."
28228,"HHU271s_HHTotalIndividual","Individuals using a smart phone",,"%",120,"JPN","Japan","84.8538191359511",2019,"","Ministry of Internal Affairs and Communications","Refers to the proportion of individuals using a smart telephone. An individual uses a smart telephone if he/she has a smart phone device with at least one active SIM card for personal use."
28228,"HHU271s_HHTotalIndividual","Individuals using a smart phone",,"%",120,"JPN","Japan","79.0979216659886",2020,"Estimated by the following method; (The estimation population of more than 6 years old in 2019)*(Survey result(%)) in the last 12 months","Ministry of Internal Affairs and Communications","Refers to the proportion of individuals using a smart telephone. An individual uses a smart telephone if he/she has a smart phone device with at least one active SIM card for personal use."
28228,"HHU271s_HHTotalIndividual","Individuals using a smart phone",,"%",120,"JPN","Japan","81.0286846354904",2021,"Estimated population of more than 6 years old*Survey result(%) in the last 12 months","Ministry of Internal Affairs and Communications","Refers to the proportion of individuals using a smart telephone. An individual uses a smart telephone if he/she has a smart phone device with at least one active SIM card for personal use."
28228,"HHU271s_HHTotalIndividual","Individuals using a smart phone",,"%",120,"JPN","Japan","84.7247039962592",2022,"In the last 12 months","Ministry of Internal Affairs and Communications","Refers to the proportion of individuals using a smart telephone. An individual uses a smart telephone if he/she has a smart phone device with at least one active SIM card for personal use."
28228,"HHU271s_HHTotalIndividual","Individuals using a smart phone",,"%",120,"JPN","Japan","86.69367037547481",2024,"","Ministry of Internal Affairs and Communications","Refers to the proportion of individuals using a smart telephone. An individual uses a smart telephone if he/she has a smart phone device with at least one active SIM card for personal use."
28228,"HHU271s_HHTotalIndividual","Individuals using a smart phone",,"%",124,"JOR","Jordan","92.5570119040565",2023,"","Ministry of Digital Economy and Entrepreneurship","Refers to the proportion of individuals using a smart telephone. An individual uses a smart telephone if he/she has a smart phone device with at least one active SIM card for personal use."
28228,"HHU271s_HHTotalIndividual","Individuals using a smart phone",,"%",124,"JOR","Jordan","95.76010575451315",2024,"","Ministry of Digital Economy and Entrepreneurship","Refers to the proportion of individuals using a smart telephone. An individual uses a smart telephone if he/she has a smart phone device with at least one active SIM card for personal use."
28228,"HHU271s_HHTotalIndividual","Individuals using a smart phone",,"%",128,"KOR","Korea (Rep. of)","94.3014749868267",2017,"","Ministriy of Sceience and ICT(MSIT)","Refers to the proportion of individuals using a smart telephone. An individual uses a smart telephone if he/she has a smart phone device with at least one active SIM card for personal use."
28228,"HHU271s_HHTotalIndividual","Individuals using a smart phone",,"%",128,"KOR","Korea (Rep. of)","95.327027795974",2018,"","Ministriy of Sceience and ICT(MSIT)","Refers to the proportion of individuals using a smart telephone. An individual uses a smart telephone if he/she has a smart phone device with at least one active SIM card for personal use."
28228,"HHU271s_HHTotalIndividual","Individuals using a smart phone",,"%",128,"KOR","Korea (Rep. of)","95.7146813603956",2019,"","Ministriy of Sceience and ICT(MSIT)","Refers to the proportion of individuals using a smart telephone. An individual uses a smart telephone if he/she has a smart phone device with at least one active SIM card for personal use."
28228,"HHU271s_HHTotalIndividual","Individuals using a smart phone",,"%",128,"KOR","Korea (Rep. of)","96.3008439807056",2020,"","Ministriy of Sceience and ICT(MSIT)","Refers to the proportion of individuals using a smart telephone. An individual uses a smart telephone if he/she has a smart phone device with at least one active SIM card for personal use."
28228,"HHU271s_HHTotalIndividual","Individuals using a smart phone",,"%",128,"KOR","Korea (Rep. of)","97.5568476029524",2021,"","Ministriy of Sceience and ICT(MSIT)","Refers to the proportion of individuals using a smart telephone. An individual uses a smart telephone if he/she has a smart phone device with at least one active SIM card for personal use."
28228,"HHU271s_HHTotalIndividual","Individuals using a smart phone",,"%",128,"KOR","Korea (Rep. of)","96.8250825082132",2022,"","Ministry of Science and ICT","Refers to the proportion of individuals using a smart telephone. An individual uses a smart telephone if he/she has a smart phone device with at least one active SIM card for personal use."
28228,"HHU271s_HHTotalIndividual","Individuals using a smart phone",,"%",128,"KOR","Korea (Rep. of)","96.540590573867",2023,"","Ministry of Science and ICT","Refers to the proportion of individuals using a smart telephone. An individual uses a smart telephone if he/she has a smart phone device with at least one active SIM card for personal use."
28228,"HHU271s_HHTotalIndividual","Individuals using a smart phone",,"%",128,"KOR","Korea (Rep. of)","97.3645946285946",2024,"","Ministry of Science and ICT","Refers to the proportion of individuals using a smart telephone. An individual uses a smart telephone if he/she has a smart phone device with at least one active SIM card for personal use."
28228,"HHU271s_HHTotalIndividual","Individuals using a smart phone",,"%",130,"KWT","Kuwait","97.0000062215641",2017,"","comminucations and information technology regulatory authority","Refers to the proportion of individuals using a smart telephone. An individual uses a smart telephone if he/she has a smart phone device with at least one active SIM card for personal use."
28228,"HHU271s_HHTotalIndividual","Individuals using a smart phone",,"%",130,"KWT","Kuwait","98.6962028564298",2018,"","comminucations and information technology regulatory authority","Refers to the proportion of individuals using a smart telephone. An individual uses a smart telephone if he/she has a smart phone device with at least one active SIM card for personal use."
28228,"HHU271s_HHTotalIndividual","Individuals using a smart phone",,"%",130,"KWT","Kuwait","98.8999998932437",2020,"","Communication and Information Technology Regulatory Authority","Refers to the proportion of individuals using a smart telephone. An individual uses a smart telephone if he/she has a smart phone device with at least one active SIM card for personal use."
28228,"HHU271s_HHTotalIndividual","Individuals using a smart phone",,"%",130,"KWT","Kuwait","98.9",2021,"","Communication and Information Technology Regulatory Authority","Refers to the proportion of individuals using a smart telephone. An individual uses a smart telephone if he/she has a smart phone device with at least one active SIM card for personal use."
28228,"HHU271s_HHTotalIndividual","Individuals using a smart phone",,"%",130,"KWT","Kuwait","99.17753170637364",2025,"Based on quota sampling","Communication and Information Technology Regulatory Authority","Refers to the proportion of individuals using a smart telephone. An individual uses a smart telephone if he/she has a smart phone device with at least one active SIM card for personal use."
28228,"HHU271s_HHTotalIndividual","Individuals using a smart phone",,"%",138,"LTU","Lithuania","77.4518344852576",2020,"","Statistics Lithuania","Refers to the proportion of individuals using a smart telephone. An individual uses a smart telephone if he/she has a smart phone device with at least one active SIM card for personal use."
28228,"HHU271s_HHTotalIndividual","Individuals using a smart phone",,"%",139,"LUX","Luxembourg","88.6161017892251",2021,"","STATEC","Refers to the proportion of individuals using a smart telephone. An individual uses a smart telephone if he/she has a smart phone device with at least one active SIM card for personal use."
28228,"HHU271s_HHTotalIndividual","Individuals using a smart phone",,"%",139,"LUX","Luxembourg","90.9272149893883",2023,"","Institut National de la Statistique et des Etudes Economiques du Grand-Duché de Luxembourg (STATEC)Service Central de la Statistique et des Etudes Economiques (STATEC)","Refers to the proportion of individuals using a smart telephone. An individual uses a smart telephone if he/she has a smart phone device with at least one active SIM card for personal use."
28228,"HHU271s_HHTotalIndividual","Individuals using a smart phone",,"%",147,"MEX","Mexico","58.3567650951888",2017,"","Instituto Nacional de Estadística y Geografía (INEGI)","Refers to the proportion of individuals using a smart telephone. An individual uses a smart telephone if he/she has a smart phone device with at least one active SIM card for personal use."
28228,"HHU271s_HHTotalIndividual","Individuals using a smart phone",,"%",147,"MEX","Mexico","61.9602759130271",2018,"","Instituto Nacional de Estadística y Geografía (INEGI)","Refers to the proportion of individuals using a smart telephone. An individual uses a smart telephone if he/she has a smart phone device with at least one active SIM card for personal use."
28228,"HHU271s_HHTotalIndividual","Individuals using a smart phone",,"%",147,"MEX","Mexico","66.6180797794673",2019,"","Instituto Nacional de Estadística y Geografía (INEGI)","Refers to the proportion of individuals using a smart telephone. An individual uses a smart telephone if he/she has a smart phone device with at least one active SIM card for personal use."
28228,"HHU271s_HHTotalIndividual","Individuals using a smart phone",,"%",147,"MEX","Mexico","68.9699622593315",2020,"","Instituto Nacional de Estadística y Geografía (INEGI)","Refers to the proportion of individuals using a smart telephone. An individual uses a smart telephone if he/she has a smart phone device with at least one active SIM card for personal use."
28228,"HHU271s_HHTotalIndividual","Individuals using a smart phone",,"%",147,"MEX","Mexico","73.7303515272511",2021,"","Instituto Nacional de Estadística y Geografía (INEGI)","Refers to the proportion of individuals using a smart telephone. An individual uses a smart telephone if he/she has a smart phone device with at least one active SIM card for personal use."
28228,"HHU271s_HHTotalIndividual","Individuals using a smart phone",,"%",147,"MEX","Mexico","75.1290007513726",2022,"","Instituto Nacional de Estadística y Geografía (INEGI)","Refers to the proportion of individuals using a smart telephone. An individual uses a smart telephone if he/she has a smart phone device with at least one active SIM card for personal use."
28228,"HHU271s_HHTotalIndividual","Individuals using a smart phone",,"%",147,"MEX","Mexico","77.8917433748004",2023,"","Instituto Nacional de Estadística y Geografía (INEGI)","Refers to the proportion of individuals using a smart telephone. An individual uses a smart telephone if he/she has a smart phone device with at least one active SIM card for personal use."
28228,"HHU271s_HHTotalIndividual","Individuals using a smart phone",,"%",147,"MEX","Mexico","79.08508232885629",2024,"","Instituto Nacional de Estadística y Geografía (INEGI)","Refers to the proportion of individuals using a smart telephone. An individual uses a smart telephone if he/she has a smart phone device with at least one active SIM card for personal use."
28228,"HHU271s_HHTotalIndividual","Individuals using a smart phone",,"%",155,"MAR","Morocco","74.2566751064385",2018,"","Agence Nationale de Réglementation des Télécommunications (ANRT)","Refers to the proportion of individuals using a smart telephone. An individual uses a smart telephone if he/she has a smart phone device with at least one active SIM card for personal use."
28228,"HHU271s_HHTotalIndividual","Individuals using a smart phone",,"%",155,"MAR","Morocco","91.4025887040356",2021,"","Agence Nationale de Réglementation des Télécommunications (ANRT)","Refers to the proportion of individuals using a smart telephone. An individual uses a smart telephone if he/she has a smart phone device with at least one active SIM card for personal use."
28228,"HHU271s_HHTotalIndividual","Individuals using a smart phone",,"%",161,"MWI","Malawi","27.9326868415824",2023,"","National Statistical Office of Malawi","Refers to the proportion of individuals using a smart telephone. An individual uses a smart telephone if he/she has a smart phone device with at least one active SIM card for personal use."
28228,"HHU271s_HHTotalIndividual","Individuals using a smart phone",,"%",182,"PAK","Pakistan","22.992938646818",2020,"","Pakistan Bureau of Statistics","Refers to the proportion of individuals using a smart telephone. An individual uses a smart telephone if he/she has a smart phone device with at least one active SIM card for personal use."
28228,"HHU271s_HHTotalIndividual","Individuals using a smart phone",,"%",192,"PRY","Paraguay","82.4184258650726",2024,"","Instituto Nacional de Estadística","Refers to the proportion of individuals using a smart telephone. An individual uses a smart telephone if he/she has a smart phone device with at least one active SIM card for personal use."
28228,"HHU271s_HHTotalIndividual","Individuals using a smart phone",,"%",195,"PRI","Puerto Rico","66.6581045913762",2017,"Source: U.S. Census Bureau, 2017 ACS 1-Year Estimates – PUMS. http://dataferrett.census.gov/. User could report more than one option. Values could overlap.  Laptop category include laptop, desktop, (data for this two categories are not available separated) or other computer equipment. Data based on the ACS dataferrett crosstabulation identify the number of individuals living in a household with access to computer equipment. Which does not necessarily means number of users.","Instituto de Estadisticas de Puerto Rico","Refers to the proportion of individuals using a smart telephone. An individual uses a smart telephone if he/she has a smart phone device with at least one active SIM card for personal use."
28228,"HHU271s_HHTotalIndividual","Individuals using a smart phone",,"%",195,"PRI","Puerto Rico","69.2067761784132",2018,"Laptop category include laptop, desktop (data for this two categories are not available separated) or other computer equipment. Data based on the ACS dataferrett crosstabulation identify the number of individuals living in a household with access to compu","Instituto de Estadisticas de Puerto Rico","Refers to the proportion of individuals using a smart telephone. An individual uses a smart telephone if he/she has a smart phone device with at least one active SIM card for personal use."
28228,"HHU271s_HHTotalIndividual","Individuals using a smart phone",,"%",195,"PRI","Puerto Rico","76.9671108127454",2019,"Source: U.S. Census Bureau, 2019 ACS 1-Year Estimates – PUMS. https://data.census.gov/mdat. User could report more than one option. Values could overlap.  Laptop category include laptop, desktop, (data for this two categories are not available separated) or other computer equipment. Data based on the ACS microdata crosstabulation used to identify the number of individuals living in a household with access to computer equipment. Which does not necessarily means number of users.","","Refers to the proportion of individuals using a smart telephone. An individual uses a smart telephone if he/she has a smart phone device with at least one active SIM card for personal use."
28228,"HHU271s_HHTotalIndividual","Individuals using a smart phone",,"%",195,"PRI","Puerto Rico","84.9808289742128",2022,"","Puerto Rico Institute of Statistics","Refers to the proportion of individuals using a smart telephone. An individual uses a smart telephone if he/she has a smart phone device with at least one active SIM card for personal use."
28228,"HHU271s_HHTotalIndividual","Individuals using a smart phone",,"%",196,"QAT","Qatar","99.23305559334",2018,"","Ministry Of Transport and Communications","Refers to the proportion of individuals using a smart telephone. An individual uses a smart telephone if he/she has a smart phone device with at least one active SIM card for personal use."
28228,"HHU271s_HHTotalIndividual","Individuals using a smart phone",,"%",196,"QAT","Qatar","99.2330645725432",2019,"","Ministry of Transport and Communications","Refers to the proportion of individuals using a smart telephone. An individual uses a smart telephone if he/she has a smart phone device with at least one active SIM card for personal use."
28228,"HHU271s_HHTotalIndividual","Individuals using a smart phone",,"%",196,"QAT","Qatar","99.2330555933401",2020,"","Ministry of Transport and Communications","Refers to the proportion of individuals using a smart telephone. An individual uses a smart telephone if he/she has a smart phone device with at least one active SIM card for personal use."
28228,"HHU271s_HHTotalIndividual","Individuals using a smart phone",,"%",200,"ROU","Romania","66.5077249485095",2020,"","National Institute of Statistics","Refers to the proportion of individuals using a smart telephone. An individual uses a smart telephone if he/she has a smart phone device with at least one active SIM card for personal use."
28228,"HHU271s_HHTotalIndividual","Individuals using a smart phone",,"%",200,"ROU","Romania","80.7295247613846",2021,"Number of individuals aged 16-74 who have used a mobile phone or smart phone in the last three months","National Institute of Statistics","Refers to the proportion of individuals using a smart telephone. An individual uses a smart telephone if he/she has a smart phone device with at least one active SIM card for personal use."
28228,"HHU271s_HHTotalIndividual","Individuals using a smart phone",,"%",214,"SGP","Singapore","96.8912919602848",2021,"","Infocomm Media Development Authority (IMDA)","Refers to the proportion of individuals using a smart telephone. An individual uses a smart telephone if he/she has a smart phone device with at least one active SIM card for personal use."
28228,"HHU271s_HHTotalIndividual","Individuals using a smart phone",,"%",214,"SGP","Singapore","96.6389673267435",2022,"","Infocomm Media Development Authority","Refers to the proportion of individuals using a smart telephone. An individual uses a smart telephone if he/she has a smart phone device with at least one active SIM card for personal use."
28228,"HHU271s_HHTotalIndividual","Individuals using a smart phone",,"%",214,"SGP","Singapore","96.1123554534255",2023,"","Infocomm Media Development Authority","Refers to the proportion of individuals using a smart telephone. An individual uses a smart telephone if he/she has a smart phone device with at least one active SIM card for personal use."
28228,"HHU271s_HHTotalIndividual","Individuals using a smart phone",,"%",214,"SGP","Singapore","96.8206044432829",2024,"","Infocomm Media Development Authority","Refers to the proportion of individuals using a smart telephone. An individual uses a smart telephone if he/she has a smart phone device with at least one active SIM card for personal use."
28228,"HHU271s_HHTotalIndividual","Individuals using a smart phone",,"%",219,"CHE","Switzerland","81.4750905072471",2019,"","Office fédéral de la statistique","Refers to the proportion of individuals using a smart telephone. An individual uses a smart telephone if he/she has a smart phone device with at least one active SIM card for personal use."
28228,"HHU271s_HHTotalIndividual","Individuals using a smart phone",,"%",219,"CHE","Switzerland","93.8755655967361",2021,"Break in time series: change of the positionning of the question in the 2021 questionnaire and questions for plausibility checks","Office fédéral de la statistique","Refers to the proportion of individuals using a smart telephone. An individual uses a smart telephone if he/she has a smart phone device with at least one active SIM card for personal use."
28228,"HHU271s_HHTotalIndividual","Individuals using a smart phone",,"%",219,"CHE","Switzerland","95.748448570551",2023,"","Swiss Federal Statistical Office","Refers to the proportion of individuals using a smart telephone. An individual uses a smart telephone if he/she has a smart phone device with at least one active SIM card for personal use."
28228,"HHU271s_HHTotalIndividual","Individuals using a smart phone",,"%",219,"CHE","Switzerland","96.12694943916662",2025,"","Swiss Federal Statistical Office","Refers to the proportion of individuals using a smart telephone. An individual uses a smart telephone if he/she has a smart phone device with at least one active SIM card for personal use."
28228,"HHU271s_HHTotalIndividual","Individuals using a smart phone",,"%",221,"SVN","Slovenia","73.3494503001888",2017,"Usage of mobile phone by individual aged 16 to 74 years. Reference period (last 3 months) was not included in the question.","Statistical Office of the Republic of Slovenia ","Refers to the proportion of individuals using a smart telephone. An individual uses a smart telephone if he/she has a smart phone device with at least one active SIM card for personal use."
28228,"HHU271s_HHTotalIndividual","Individuals using a smart phone",,"%",221,"SVN","Slovenia","75.7993883664808",2018,"","Statistical Office of the Republic of Slovenia ","Refers to the proportion of individuals using a smart telephone. An individual uses a smart telephone if he/she has a smart phone device with at least one active SIM card for personal use."
28228,"HHU271s_HHTotalIndividual","Individuals using a smart phone",,"%",221,"SVN","Slovenia","80.0587134683079",2019,"","Statistical Office of the Republic of Slovenia ","Refers to the proportion of individuals using a smart telephone. An individual uses a smart telephone if he/she has a smart phone device with at least one active SIM card for personal use."
28228,"HHU271s_HHTotalIndividual","Individuals using a smart phone",,"%",221,"SVN","Slovenia","79.1945177815152",2020,"","Statistical Office of the Republic of Slovenia ","Refers to the proportion of individuals using a smart telephone. An individual uses a smart telephone if he/she has a smart phone device with at least one active SIM card for personal use."
28228,"HHU271s_HHTotalIndividual","Individuals using a smart phone",,"%",221,"SVN","Slovenia","82.8784878660047",2021,"Individuals aged 16 to 74 years that use the device for private purposes (no time period)","Statistical Office of the Republic of Slovenia ","Refers to the proportion of individuals using a smart telephone. An individual uses a smart telephone if he/she has a smart phone device with at least one active SIM card for personal use."
28228,"HHU271s_HHTotalIndividual","Individuals using a smart phone",,"%",221,"SVN","Slovenia","85.3265871720527",2022,"Individuals aged 16 to 74 years that use the device for private purposes (no time period)","Statistical Office of the Republic of Slovenia","Refers to the proportion of individuals using a smart telephone. An individual uses a smart telephone if he/she has a smart phone device with at least one active SIM card for personal use."
28228,"HHU271s_HHTotalIndividual","Individuals using a smart phone",,"%",221,"SVN","Slovenia","86.8562729973736",2023,"Individuals aged 16 to 74 years that use the device for private purposes (no time period)","Statistical Office of the Republic of Slovenia","Refers to the proportion of individuals using a smart telephone. An individual uses a smart telephone if he/she has a smart phone device with at least one active SIM card for personal use."
28228,"HHU271s_HHTotalIndividual","Individuals using a smart phone",,"%",221,"SVN","Slovenia","86.5068486609857",2024,"Individuals aged 16 to 74 years that use the device for private purposes (no time period)","Statistical Office of the Republic of Slovenia","Refers to the proportion of individuals using a smart telephone. An individual uses a smart telephone if he/she has a smart phone device with at least one active SIM card for personal use."
28228,"HHU271s_HHTotalIndividual","Individuals using a smart phone",,"%",227,"CZE","Czech Republic","63.0683502113034",2018,"","Czech Statistical Office","Refers to the proportion of individuals using a smart telephone. An individual uses a smart telephone if he/she has a smart phone device with at least one active SIM card for personal use."
28228,"HHU271s_HHTotalIndividual","Individuals using a smart phone",,"%",227,"CZE","Czech Republic","69.5990463561307",2019,"","Czech Statistical Office","Refers to the proportion of individuals using a smart telephone. An individual uses a smart telephone if he/she has a smart phone device with at least one active SIM card for personal use."
28228,"HHU271s_HHTotalIndividual","Individuals using a smart phone",,"%",227,"CZE","Czech Republic","72.5840511471272",2020,"","Czech Statistical Office","Refers to the proportion of individuals using a smart telephone. An individual uses a smart telephone if he/she has a smart phone device with at least one active SIM card for personal use."
28228,"HHU271s_HHTotalIndividual","Individuals using a smart phone",,"%",227,"CZE","Czech Republic","76.6481245753138",2021,"","Czech Statistical Office","Refers to the proportion of individuals using a smart telephone. An individual uses a smart telephone if he/she has a smart phone device with at least one active SIM card for personal use."
28228,"HHU271s_HHTotalIndividual","Individuals using a smart phone",,"%",227,"CZE","Czech Republic","80.6531027872248",2022,"","Czech Statistical Office","Refers to the proportion of individuals using a smart telephone. An individual uses a smart telephone if he/she has a smart phone device with at least one active SIM card for personal use."
28228,"HHU271s_HHTotalIndividual","Individuals using a smart phone",,"%",227,"CZE","Czech Republic","82.363563919568",2023,"","Czech Statistical Office","Refers to the proportion of individuals using a smart telephone. An individual uses a smart telephone if he/she has a smart phone device with at least one active SIM card for personal use."
28228,"HHU271s_HHTotalIndividual","Individuals using a smart phone",,"%",227,"CZE","Czech Republic","84.2604940198424",2024,"","Czech Statistical Office","Refers to the proportion of individuals using a smart telephone. An individual uses a smart telephone if he/she has a smart phone device with at least one active SIM card for personal use."
28228,"HHU271s_HHTotalIndividual","Individuals using a smart phone",,"%",229,"THA","Thailand","62.3108025205582",2018,"","National Statistical Office of Thailand","Refers to the proportion of individuals using a smart telephone. An individual uses a smart telephone if he/she has a smart phone device with at least one active SIM card for personal use."
28228,"HHU271s_HHTotalIndividual","Individuals using a smart phone",,"%",229,"THA","Thailand","82.7492704501121",2020,"","National Statistical Office of Thailand","Refers to the proportion of individuals using a smart telephone. An individual uses a smart telephone if he/she has a smart phone device with at least one active SIM card for personal use."
28228,"HHU271s_HHTotalIndividual","Individuals using a smart phone",,"%",229,"THA","Thailand","88.0844507421462",2021,"","","Refers to the proportion of individuals using a smart telephone. An individual uses a smart telephone if he/she has a smart phone device with at least one active SIM card for personal use."
28228,"HHU271s_HHTotalIndividual","Individuals using a smart phone",,"%",229,"THA","Thailand","90.5061135429076",2022,"","National Statistical Office","Refers to the proportion of individuals using a smart telephone. An individual uses a smart telephone if he/she has a smart phone device with at least one active SIM card for personal use."
28228,"HHU271s_HHTotalIndividual","Individuals using a smart phone",,"%",229,"THA","Thailand","91.7232887644995",2023,"","National Statistical Office","Refers to the proportion of individuals using a smart telephone. An individual uses a smart telephone if he/she has a smart phone device with at least one active SIM card for personal use."
28228,"HHU271s_HHTotalIndividual","Individuals using a smart phone",,"%",229,"THA","Thailand","92.7637211161974",2024,"","National Statistical Office","Refers to the proportion of individuals using a smart telephone. An individual uses a smart telephone if he/she has a smart phone device with at least one active SIM card for personal use."
28228,"HHU271s_HHTotalIndividual","Individuals using a smart phone",,"%",239,"ARE","United Arab Emirates","100.000013261711",2017,"","Telecommunications Regulatory Authority ","Refers to the proportion of individuals using a smart telephone. An individual uses a smart telephone if he/she has a smart phone device with at least one active SIM card for personal use."
28228,"HHU271s_HHTotalIndividual","Individuals using a smart phone",,"%",239,"ARE","United Arab Emirates","86.6043101011773",2018,"","Telecommunication Regulatory Authority","Refers to the proportion of individuals using a smart telephone. An individual uses a smart telephone if he/she has a smart phone device with at least one active SIM card for personal use."
28228,"HHU271s_HHTotalIndividual","Individuals using a smart phone",,"%",239,"ARE","United Arab Emirates","88.1230505685848",2019,"","Telecommunication Regulatory Authority","Refers to the proportion of individuals using a smart telephone. An individual uses a smart telephone if he/she has a smart phone device with at least one active SIM card for personal use."
28228,"HHU271s_HHTotalIndividual","Individuals using a smart phone",,"%",239,"ARE","United Arab Emirates","99.9",2020,"","Telecommunications & Digital Gevernment Regulatory Authority","Refers to the proportion of individuals using a smart telephone. An individual uses a smart telephone if he/she has a smart phone device with at least one active SIM card for personal use."
28228,"HHU271s_HHTotalIndividual","Individuals using a smart phone",,"%",239,"ARE","United Arab Emirates","99.9022622546972",2021,"","Telecommunications & Digital Gevernment Regulatory Authority","Refers to the proportion of individuals using a smart telephone. An individual uses a smart telephone if he/she has a smart phone device with at least one active SIM card for personal use."
28228,"HHU271s_HHTotalIndividual","Individuals using a smart phone",,"%",239,"ARE","United Arab Emirates","100.0",2022,"","Telecommunications Regulatory Authority","Refers to the proportion of individuals using a smart telephone. An individual uses a smart telephone if he/she has a smart phone device with at least one active SIM card for personal use."
28228,"HHU271s_HHTotalIndividual","Individuals using a smart phone",,"%",239,"ARE","United Arab Emirates","100.0",2023,"Based on non-probabilistic sampling (snowballing) reweighted for representativeness","Telecommunications Regulatory Authority","Refers to the proportion of individuals using a smart telephone. An individual uses a smart telephone if he/she has a smart phone device with at least one active SIM card for personal use."
28228,"HHU271s_HHTotalIndividual","Individuals using a smart phone",,"%",239,"ARE","United Arab Emirates","100.0",2024,"","Telecommunications & Digital Government Regulatory Authority","Refers to the proportion of individuals using a smart telephone. An individual uses a smart telephone if he/she has a smart phone device with at least one active SIM card for personal use."
28228,"HHU271s_HHTotalIndividual","Individuals using a smart phone",,"%",250,"VNM","Viet Nam","71.08",2023,"","Ministry of Information and Communications","Refers to the proportion of individuals using a smart telephone. An individual uses a smart telephone if he/she has a smart phone device with at least one active SIM card for personal use."
28228,"HHU271s_HHTotalIndividual","Individuals using a smart phone",,"%",250,"VNM","Viet Nam","75.47",2024,"","General Statistics Office of Vietnam","Refers to the proportion of individuals using a smart telephone. An individual uses a smart telephone if he/she has a smart phone device with at least one active SIM card for personal use."
28228,"HHU271s_HHTotalIndividual","Individuals using a smart phone",,"%",260,"ZWE","Zimbabwe","37.9289933893574",2020,"","Zimbabwe National Statistics Agency (ZIMSTAT)","Refers to the proportion of individuals using a smart telephone. An individual uses a smart telephone if he/she has a smart phone device with at least one active SIM card for personal use."
28228,"HHU271s_HHTotalIndividual","Individuals using a smart phone",,"%",276,"GEO","Georgia","68.9157758257411",2019,"","National Statistics Office of Georgia - Geostat","Refers to the proportion of individuals using a smart telephone. An individual uses a smart telephone if he/she has a smart phone device with at least one active SIM card for personal use."
28228,"HHU271s_HHTotalIndividual","Individuals using a smart phone",,"%",276,"GEO","Georgia","74.7552205462973",2020,"","National Statistics Office of Georgia - Geostat","Refers to the proportion of individuals using a smart telephone. An individual uses a smart telephone if he/she has a smart phone device with at least one active SIM card for personal use."
28228,"HHU271s_HHTotalIndividual","Individuals using a smart phone",,"%",276,"GEO","Georgia","75.4635902581765",2021,"","National Statistics Office of Georgia - Geostat","Refers to the proportion of individuals using a smart telephone. An individual uses a smart telephone if he/she has a smart phone device with at least one active SIM card for personal use."
28228,"HHU271s_HHTotalIndividual","Individuals using a smart phone",,"%",276,"GEO","Georgia","78.9441681556862",2022,"","National Statistics Office of Georgia","Refers to the proportion of individuals using a smart telephone. An individual uses a smart telephone if he/she has a smart phone device with at least one active SIM card for personal use."
28228,"HHU271s_HHTotalIndividual","Individuals using a smart phone",,"%",276,"GEO","Georgia","82.9809762755344",2023,"","National Statistics Office of Georgia","Refers to the proportion of individuals using a smart telephone. An individual uses a smart telephone if he/she has a smart phone device with at least one active SIM card for personal use."
28228,"HHU271s_HHTotalIndividual","Individuals using a smart phone",,"%",276,"GEO","Georgia","85.06235278494441",2024,"","National Statistics Office of Georgia","Refers to the proportion of individuals using a smart telephone. An individual uses a smart telephone if he/she has a smart phone device with at least one active SIM card for personal use."
28228,"HHU271s_HHTotalIndividual","Individuals using a smart phone",,"%",281,"SVK","Slovakia","66.6744585280733",2019,"share in total number of persons using the internet the last 3 months in % (16 -74)","Statistical Office Of the Slovak Republic","Refers to the proportion of individuals using a smart telephone. An individual uses a smart telephone if he/she has a smart phone device with at least one active SIM card for personal use."