"seriesID","seriesCode","seriesName","seriesParent","seriesUnits","entityID","entityIso","entityName","dataValue","dataYear","dataNote","dataSource","seriesDescription","dataValue 1","dataValue 2","dataValue 3","dataValue 4","dataValue 5","dataValue 6","dataValue 7","dataValue 8","dataValue 9","dataValue 10","dataValue 11","dataValue 12","dataValue 13","dataValue 14"
34452,"trCovid19_Policy","Regulatory response to the COVID-19 pandemic ",,,6,"AFG","Afghanistan","Yes",2022,"","","",,,,,,,,,,,,,,
34452,"trCovid19_Policy","Regulatory response to the COVID-19 pandemic ",,,7,"ZAF","South Africa","Yes",2022,"","","",,,,,,,,,,,,,,
34452,"trCovid19_Policy","Regulatory response to the COVID-19 pandemic ",,,10,"ALB","Albania","Yes",2024,"","","",,,,,,,,,,,,,,
34452,"trCovid19_Policy","Regulatory response to the COVID-19 pandemic ",,,11,"DZA","Algeria","Yes",2022,"","","",,,,,,,,,,,,,,
34452,"trCovid19_Policy","Regulatory response to the COVID-19 pandemic ",,,16,"ARG","Argentina","Yes",2022,"","","",,,,,,,,,,,,,,
34452,"trCovid19_Policy","Regulatory response to the COVID-19 pandemic ",,,17,"ARM","Armenia","Yes",2022,"","","",,,,,,,,,,,,,,
34452,"trCovid19_Policy","Regulatory response to the COVID-19 pandemic ",,,18,"SAU","Saudi Arabia","Yes",2022,"","","",,,,,,,,,,,,,,
34452,"trCovid19_Policy","Regulatory response to the COVID-19 pandemic ",,,18,"SAU","Saudi Arabia","Yes",2024,"","","",,,,,,,,,,,,,,
34452,"trCovid19_Policy","Regulatory response to the COVID-19 pandemic ",,,23,"AUS","Australia","Yes",2024,"","","",,,,,,,,,,,,,,
34452,"trCovid19_Policy","Regulatory response to the COVID-19 pandemic ",,,25,"AZE","Azerbaijan","Yes",2022,"","","",,,,,,,,,,,,,,
34452,"trCovid19_Policy","Regulatory response to the COVID-19 pandemic ",,,27,"BRA","Brazil","Yes",2022,"","","",,,,,,,,,,,,,,
34452,"trCovid19_Policy","Regulatory response to the COVID-19 pandemic ",,,27,"BRA","Brazil","Yes",2024,"","","",,,,,,,,,,,,,,
34452,"trCovid19_Policy","Regulatory response to the COVID-19 pandemic ",,,28,"BHS","Bahamas","No",2022,"","","",,,,,,,,,,,,,,
34452,"trCovid19_Policy","Regulatory response to the COVID-19 pandemic ",,,30,"BEL","Belgium","No",2024,"","","",,,,,,,,,,,,,,
34452,"trCovid19_Policy","Regulatory response to the COVID-19 pandemic ",,,31,"BEN","Benin","Yes",2022,"","","",,,,,,,,,,,,,,
34452,"trCovid19_Policy","Regulatory response to the COVID-19 pandemic ",,,37,"BLR","Belarus","No",2022,"","","",,,,,,,,,,,,,,
34452,"trCovid19_Policy","Regulatory response to the COVID-19 pandemic ",,,39,"BOL","Bolivia (Plurinational State of)","Yes",2022,"","","",,,,,,,,,,,,,,
34452,"trCovid19_Policy","Regulatory response to the COVID-19 pandemic ",,,40,"BWA","Botswana","Yes",2022,"","","",,,,,,,,,,,,,,
34452,"trCovid19_Policy","Regulatory response to the COVID-19 pandemic ",,,40,"BWA","Botswana","Yes",2024,"","","",,,,,,,,,,,,,,
34452,"trCovid19_Policy","Regulatory response to the COVID-19 pandemic ",,,42,"MMR","Myanmar","Yes",2022,"","","",,,,,,,,,,,,,,
34452,"trCovid19_Policy","Regulatory response to the COVID-19 pandemic ",,,43,"BRN","Brunei Darussalam","No",2022,"","","",,,,,,,,,,,,,,
34452,"trCovid19_Policy","Regulatory response to the COVID-19 pandemic ",,,47,"CAN","Canada","No",2024,"","","",,,,,,,,,,,,,,
34452,"trCovid19_Policy","Regulatory response to the COVID-19 pandemic ",,,50,"CHN","China","No",2024,"","","",,,,,,,,,,,,,,
34452,"trCovid19_Policy","Regulatory response to the COVID-19 pandemic ",,,53,"COL","Colombia","Yes",2022,"","","",,,,,,,,,,,,,,
34452,"trCovid19_Policy","Regulatory response to the COVID-19 pandemic ",,,53,"COL","Colombia","Yes",2024,"","","",,,,,,,,,,,,,,
34452,"trCovid19_Policy","Regulatory response to the COVID-19 pandemic ",,,54,"LKA","Sri Lanka","Yes",2022,"","","",,,,,,,,,,,,,,
34452,"trCovid19_Policy","Regulatory response to the COVID-19 pandemic ",,,54,"LKA","Sri Lanka","Yes",2024,"","","",,,,,,,,,,,,,,
34452,"trCovid19_Policy","Regulatory response to the COVID-19 pandemic ",,,55,"CMR","Cameroon","Yes",2024,"","","",,,,,,,,,,,,,,
34452,"trCovid19_Policy","Regulatory response to the COVID-19 pandemic ",,,57,"COG","Congo (Rep. of the)","No",2022,"","","",,,,,,,,,,,,,,
34452,"trCovid19_Policy","Regulatory response to the COVID-19 pandemic ",,,57,"COG","Congo (Rep. of the)","Yes",2024,"","","",,,,,,,,,,,,,,
34452,"trCovid19_Policy","Regulatory response to the COVID-19 pandemic ",,,62,"CRI","Costa Rica","Yes",2022,"","","",,,,,,,,,,,,,,
34452,"trCovid19_Policy","Regulatory response to the COVID-19 pandemic ",,,62,"CRI","Costa Rica","Yes",2024,"","","",,,,,,,,,,,,,,
34452,"trCovid19_Policy","Regulatory response to the COVID-19 pandemic ",,,63,"CUB","Cuba","Yes",2022,"","","",,,,,,,,,,,,,,
34452,"trCovid19_Policy","Regulatory response to the COVID-19 pandemic ",,,67,"DEU","Germany","Yes",2022,"","","",,,,,,,,,,,,,,
34452,"trCovid19_Policy","Regulatory response to the COVID-19 pandemic ",,,67,"DEU","Germany","Yes",2024,"","","",,,,,,,,,,,,,,
34452,"trCovid19_Policy","Regulatory response to the COVID-19 pandemic ",,,72,"DOM","Dominican Rep.","No",2022,"","","",,,,,,,,,,,,,,
34452,"trCovid19_Policy","Regulatory response to the COVID-19 pandemic ",,,72,"DOM","Dominican Rep.","Yes",2024,"","","",,,,,,,,,,,,,,
34452,"trCovid19_Policy","Regulatory response to the COVID-19 pandemic ",,,73,"ESP","Spain","Yes",2022,"","","",,,,,,,,,,,,,,
34452,"trCovid19_Policy","Regulatory response to the COVID-19 pandemic ",,,74,"EGY","Egypt","Yes",2022,"","","",,,,,,,,,,,,,,
34452,"trCovid19_Policy","Regulatory response to the COVID-19 pandemic ",,,74,"EGY","Egypt","Yes",2024,"","","",,,,,,,,,,,,,,
34452,"trCovid19_Policy","Regulatory response to the COVID-19 pandemic ",,,76,"EST","Estonia","No",2022,"","","",,,,,,,,,,,,,,
34452,"trCovid19_Policy","Regulatory response to the COVID-19 pandemic ",,,78,"FRA","France","No",2024,"","","",,,,,,,,,,,,,,
34452,"trCovid19_Policy","Regulatory response to the COVID-19 pandemic ",,,81,"FIN","Finland","No",2022,"","","",,,,,,,,,,,,,,
34452,"trCovid19_Policy","Regulatory response to the COVID-19 pandemic ",,,81,"FIN","Finland","No",2024,"","","",,,,,,,,,,,,,,
34452,"trCovid19_Policy","Regulatory response to the COVID-19 pandemic ",,,84,"GBR","United Kingdom","Yes",2022,"","","",,,,,,,,,,,,,,
34452,"trCovid19_Policy","Regulatory response to the COVID-19 pandemic ",,,84,"GBR","United Kingdom","Yes",2024,"","","",,,,,,,,,,,,,,
34452,"trCovid19_Policy","Regulatory response to the COVID-19 pandemic ",,,90,"GHA","Ghana","Yes",2024,"","","",,,,,,,,,,,,,,
34452,"trCovid19_Policy","Regulatory response to the COVID-19 pandemic ",,,92,"GMB","Gambia","No",2024,"","","",,,,,,,,,,,,,,
34452,"trCovid19_Policy","Regulatory response to the COVID-19 pandemic ",,,94,"GNQ","Equatorial Guinea","No",2022,"","","",,,,,,,,,,,,,,
34452,"trCovid19_Policy","Regulatory response to the COVID-19 pandemic ",,,95,"GRC","Greece","Yes",2022,"","","",,,,,,,,,,,,,,
34452,"trCovid19_Policy","Regulatory response to the COVID-19 pandemic ",,,98,"GTM","Guatemala","Yes",2022,"","","",,,,,,,,,,,,,,
34452,"trCovid19_Policy","Regulatory response to the COVID-19 pandemic ",,,98,"GTM","Guatemala","Yes",2024,"","","",,,,,,,,,,,,,,
34452,"trCovid19_Policy","Regulatory response to the COVID-19 pandemic ",,,103,"HKG","Hong Kong, China","Yes",2024,"","","",,,,,,,,,,,,,,
34452,"trCovid19_Policy","Regulatory response to the COVID-19 pandemic ",,,107,"HRV","Croatia","Yes",2022,"","","",,,,,,,,,,,,,,
34452,"trCovid19_Policy","Regulatory response to the COVID-19 pandemic ",,,113,"IND","India","Yes",2022,"","","",,,,,,,,,,,,,,
34452,"trCovid19_Policy","Regulatory response to the COVID-19 pandemic ",,,113,"IND","India","Yes",2024,"","","",,,,,,,,,,,,,,
34452,"trCovid19_Policy","Regulatory response to the COVID-19 pandemic ",,,114,"IDN","Indonesia","Yes",2022,"","","",,,,,,,,,,,,,,
34452,"trCovid19_Policy","Regulatory response to the COVID-19 pandemic ",,,114,"IDN","Indonesia","Yes",2024,"","","",,,,,,,,,,,,,,
34452,"trCovid19_Policy","Regulatory response to the COVID-19 pandemic ",,,116,"IRN","Iran (Islamic Republic of)","Yes",2022,"","","",,,,,,,,,,,,,,
34452,"trCovid19_Policy","Regulatory response to the COVID-19 pandemic ",,,117,"IRQ","Iraq","Yes",2024,"","","",,,,,,,,,,,,,,
34452,"trCovid19_Policy","Regulatory response to the COVID-19 pandemic ",,,118,"ISL","Iceland","No",2022,"","","",,,,,,,,,,,,,,
34452,"trCovid19_Policy","Regulatory response to the COVID-19 pandemic ",,,119,"ISR","Israel","Yes",2022,"","","",,,,,,,,,,,,,,
34452,"trCovid19_Policy","Regulatory response to the COVID-19 pandemic ",,,119,"ISR","Israel","No",2024,"","","",,,,,,,,,,,,,,
34452,"trCovid19_Policy","Regulatory response to the COVID-19 pandemic ",,,120,"JPN","Japan","Yes",2024,"","","",,,,,,,,,,,,,,
34452,"trCovid19_Policy","Regulatory response to the COVID-19 pandemic ",,,125,"KEN","Kenya","No",2022,"","","",,,,,,,,,,,,,,
34452,"trCovid19_Policy","Regulatory response to the COVID-19 pandemic ",,,130,"KWT","Kuwait","No",2022,"","","",,,,,,,,,,,,,,
34452,"trCovid19_Policy","Regulatory response to the COVID-19 pandemic ",,,130,"KWT","Kuwait","Yes",2024,"","","",,,,,,,,,,,,,,
34452,"trCovid19_Policy","Regulatory response to the COVID-19 pandemic ",,,133,"LBR","Liberia","No",2024,"","","",,,,,,,,,,,,,,
34452,"trCovid19_Policy","Regulatory response to the COVID-19 pandemic ",,,136,"LIE","Liechtenstein","No",2022,"","","",,,,,,,,,,,,,,
34452,"trCovid19_Policy","Regulatory response to the COVID-19 pandemic ",,,136,"LIE","Liechtenstein","No",2024,"","","",,,,,,,,,,,,,,
34452,"trCovid19_Policy","Regulatory response to the COVID-19 pandemic ",,,137,"LSO","Lesotho","No",2024,"","","",,,,,,,,,,,,,,
34452,"trCovid19_Policy","Regulatory response to the COVID-19 pandemic ",,,138,"LTU","Lithuania","No",2022,"","","",,,,,,,,,,,,,,
34452,"trCovid19_Policy","Regulatory response to the COVID-19 pandemic ",,,138,"LTU","Lithuania","Yes",2024,"","","",,,,,,,,,,,,,,
34452,"trCovid19_Policy","Regulatory response to the COVID-19 pandemic ",,,139,"LUX","Luxembourg","No",2022,"","","",,,,,,,,,,,,,,
34452,"trCovid19_Policy","Regulatory response to the COVID-19 pandemic ",,,140,"LVA","Latvia","No",2024,"","","",,,,,,,,,,,,,,
34452,"trCovid19_Policy","Regulatory response to the COVID-19 pandemic ",,,147,"MEX","Mexico","Yes",2022,"","","",,,,,,,,,,,,,,
34452,"trCovid19_Policy","Regulatory response to the COVID-19 pandemic ",,,147,"MEX","Mexico","Yes",2024,"","","",,,,,,,,,,,,,,
34452,"trCovid19_Policy","Regulatory response to the COVID-19 pandemic ",,,152,"MNG","Mongolia","Yes",2022,"","","",,,,,,,,,,,,,,
34452,"trCovid19_Policy","Regulatory response to the COVID-19 pandemic ",,,152,"MNG","Mongolia","Yes",2024,"","","",,,,,,,,,,,,,,
34452,"trCovid19_Policy","Regulatory response to the COVID-19 pandemic ",,,155,"MAR","Morocco","Yes",2022,"","","",,,,,,,,,,,,,,
34452,"trCovid19_Policy","Regulatory response to the COVID-19 pandemic ",,,155,"MAR","Morocco","Yes",2024,"","","",,,,,,,,,,,,,,
34452,"trCovid19_Policy","Regulatory response to the COVID-19 pandemic ",,,156,"MHL","Marshall Islands","No",2024,"","","",,,,,,,,,,,,,,
34452,"trCovid19_Policy","Regulatory response to the COVID-19 pandemic ",,,161,"MWI","Malawi","No",2022,"","","",,,,,,,,,,,,,,
34452,"trCovid19_Policy","Regulatory response to the COVID-19 pandemic ",,,169,"NAM","Namibia","No",2024,"","","",,,,,,,,,,,,,,
34452,"trCovid19_Policy","Regulatory response to the COVID-19 pandemic ",,,170,"NOR","Norway","No",2022,"","","",,,,,,,,,,,,,,
34452,"trCovid19_Policy","Regulatory response to the COVID-19 pandemic ",,,173,"NZL","New Zealand","Yes",2022,"","","",,,,,,,,,,,,,,
34452,"trCovid19_Policy","Regulatory response to the COVID-19 pandemic ",,,173,"NZL","New Zealand","Yes",2024,"","","",,,,,,,,,,,,,,
34452,"trCovid19_Policy","Regulatory response to the COVID-19 pandemic ",,,176,"OMN","Oman","Yes",2022,"","","",,,,,,,,,,,,,,
34452,"trCovid19_Policy","Regulatory response to the COVID-19 pandemic ",,,176,"OMN","Oman","Yes",2024,"","","",,,,,,,,,,,,,,
34452,"trCovid19_Policy","Regulatory response to the COVID-19 pandemic ",,,182,"PAK","Pakistan","Yes",2022,"","","",,,,,,,,,,,,,,
34452,"trCovid19_Policy","Regulatory response to the COVID-19 pandemic ",,,182,"PAK","Pakistan","Yes",2024,"","","",,,,,,,,,,,,,,
34452,"trCovid19_Policy","Regulatory response to the COVID-19 pandemic ",,,189,"PAN","Panama","Yes",2022,"","","",,,,,,,,,,,,,,
34452,"trCovid19_Policy","Regulatory response to the COVID-19 pandemic ",,,189,"PAN","Panama","Yes",2024,"","","",,,,,,,,,,,,,,
34452,"trCovid19_Policy","Regulatory response to the COVID-19 pandemic ",,,191,"PRT","Portugal","Yes",2022,"","","",,,,,,,,,,,,,,
34452,"trCovid19_Policy","Regulatory response to the COVID-19 pandemic ",,,191,"PRT","Portugal","Yes",2024,"","","",,,,,,,,,,,,,,
34452,"trCovid19_Policy","Regulatory response to the COVID-19 pandemic ",,,193,"PER","Peru","Yes",2022,"","","",,,,,,,,,,,,,,
34452,"trCovid19_Policy","Regulatory response to the COVID-19 pandemic ",,,193,"PER","Peru","Yes",2024,"","","",,,,,,,,,,,,,,
34452,"trCovid19_Policy","Regulatory response to the COVID-19 pandemic ",,,196,"QAT","Qatar","Yes",2022,"","","",,,,,,,,,,,,,,
34452,"trCovid19_Policy","Regulatory response to the COVID-19 pandemic ",,,196,"QAT","Qatar","Yes",2024,"","","",,,,,,,,,,,,,,
34452,"trCovid19_Policy","Regulatory response to the COVID-19 pandemic ",,,200,"ROU","Romania","Yes",2024,"","","",,,,,,,,,,,,,,
34452,"trCovid19_Policy","Regulatory response to the COVID-19 pandemic ",,,201,"RWA","Rwanda","Yes",2022,"","","",,,,,,,,,,,,,,
34452,"trCovid19_Policy","Regulatory response to the COVID-19 pandemic ",,,201,"RWA","Rwanda","Yes",2024,"","","",,,,,,,,,,,,,,
34452,"trCovid19_Policy","Regulatory response to the COVID-19 pandemic ",,,203,"SWE","Sweden","No",2022,"","","",,,,,,,,,,,,,,
34452,"trCovid19_Policy","Regulatory response to the COVID-19 pandemic ",,,205,"SDN","Sudan","Yes",2022,"","","",,,,,,,,,,,,,,
34452,"trCovid19_Policy","Regulatory response to the COVID-19 pandemic ",,,205,"SDN","Sudan","Yes",2024,"","","",,,,,,,,,,,,,,
34452,"trCovid19_Policy","Regulatory response to the COVID-19 pandemic ",,,207,"SYC","Seychelles","No",2022,"","","",,,,,,,,,,,,,,
34452,"trCovid19_Policy","Regulatory response to the COVID-19 pandemic ",,,207,"SYC","Seychelles","No",2024,"","","",,,,,,,,,,,,,,
34452,"trCovid19_Policy","Regulatory response to the COVID-19 pandemic ",,,212,"WSM","Samoa","No",2022,"","","",,,,,,,,,,,,,,
34452,"trCovid19_Policy","Regulatory response to the COVID-19 pandemic ",,,217,"SLE","Sierra Leone","Yes",2022,"","","",,,,,,,,,,,,,,
34452,"trCovid19_Policy","Regulatory response to the COVID-19 pandemic ",,,218,"STP","Sao Tome and Principe","Yes",2022,"","","",,,,,,,,,,,,,,
34452,"trCovid19_Policy","Regulatory response to the COVID-19 pandemic ",,,219,"CHE","Switzerland","No",2022,"","","",,,,,,,,,,,,,,
34452,"trCovid19_Policy","Regulatory response to the COVID-19 pandemic ",,,219,"CHE","Switzerland","No",2024,"","","",,,,,,,,,,,,,,
34452,"trCovid19_Policy","Regulatory response to the COVID-19 pandemic ",,,220,"SUR","Suriname","No",2022,"","","",,,,,,,,,,,,,,
34452,"trCovid19_Policy","Regulatory response to the COVID-19 pandemic ",,,220,"SUR","Suriname","No",2024,"","","",,,,,,,,,,,,,,
34452,"trCovid19_Policy","Regulatory response to the COVID-19 pandemic ",,,221,"SVN","Slovenia","No",2022,"","","",,,,,,,,,,,,,,
34452,"trCovid19_Policy","Regulatory response to the COVID-19 pandemic ",,,221,"SVN","Slovenia","No",2024,"","","",,,,,,,,,,,,,,
34452,"trCovid19_Policy","Regulatory response to the COVID-19 pandemic ",,,224,"SYR","Syrian Arab Republic","Yes",2022,"","","",,,,,,,,,,,,,,
34452,"trCovid19_Policy","Regulatory response to the COVID-19 pandemic ",,,227,"CZE","Czech Republic","Yes",2022,"","","",,,,,,,,,,,,,,
34452,"trCovid19_Policy","Regulatory response to the COVID-19 pandemic ",,,229,"THA","Thailand","Yes",2022,"","","",,,,,,,,,,,,,,
34452,"trCovid19_Policy","Regulatory response to the COVID-19 pandemic ",,,229,"THA","Thailand","Yes",2024,"","","",,,,,,,,,,,,,,
34452,"trCovid19_Policy","Regulatory response to the COVID-19 pandemic ",,,232,"TON","Tonga","No",2024,"","","",,,,,,,,,,,,,,
34452,"trCovid19_Policy","Regulatory response to the COVID-19 pandemic ",,,234,"TTO","Trinidad and Tobago","Yes",2022,"","","",,,,,,,,,,,,,,
34452,"trCovid19_Policy","Regulatory response to the COVID-19 pandemic ",,,236,"TUR","Türkiye","Yes",2024,"","","",,,,,,,,,,,,,,
34452,"trCovid19_Policy","Regulatory response to the COVID-19 pandemic ",,,238,"TZA","Tanzania","No",2022,"","","",,,,,,,,,,,,,,
34452,"trCovid19_Policy","Regulatory response to the COVID-19 pandemic ",,,238,"TZA","Tanzania","No",2024,"","","",,,,,,,,,,,,,,
34452,"trCovid19_Policy","Regulatory response to the COVID-19 pandemic ",,,239,"ARE","United Arab Emirates","Yes",2022,"","","",,,,,,,,,,,,,,
34452,"trCovid19_Policy","Regulatory response to the COVID-19 pandemic ",,,239,"ARE","United Arab Emirates","Yes",2024,"","","",,,,,,,,,,,,,,
34452,"trCovid19_Policy","Regulatory response to the COVID-19 pandemic ",,,242,"URY","Uruguay","Yes",2022,"","","",,,,,,,,,,,,,,
34452,"trCovid19_Policy","Regulatory response to the COVID-19 pandemic ",,,242,"URY","Uruguay","Yes",2024,"","","",,,,,,,,,,,,,,
34452,"trCovid19_Policy","Regulatory response to the COVID-19 pandemic ",,,245,"UZB","Uzbekistan","Yes",2022,"","","",,,,,,,,,,,,,,
34452,"trCovid19_Policy","Regulatory response to the COVID-19 pandemic ",,,245,"UZB","Uzbekistan","Yes",2024,"","","",,,,,,,,,,,,,,
34452,"trCovid19_Policy","Regulatory response to the COVID-19 pandemic ",,,246,"VCT","Saint Vincent and the Grenadines","No",2024,"","","",,,,,,,,,,,,,,
34452,"trCovid19_Policy","Regulatory response to the COVID-19 pandemic ",,,247,"VEN","Venezuela","No",2022,"","","",,,,,,,,,,,,,,
34452,"trCovid19_Policy","Regulatory response to the COVID-19 pandemic ",,,251,"VUT","Vanuatu","Yes",2022,"","","",,,,,,,,,,,,,,
34452,"trCovid19_Policy","Regulatory response to the COVID-19 pandemic ",,,259,"ZMB","Zambia","No",2024,"","","",,,,,,,,,,,,,,
34452,"trCovid19_Policy","Regulatory response to the COVID-19 pandemic ",,,260,"ZWE","Zimbabwe","No",2022,"","","",,,,,,,,,,,,,,
34452,"trCovid19_Policy","Regulatory response to the COVID-19 pandemic ",,,275,"BIH","Bosnia and Herzegovina","No",2022,"","","",,,,,,,,,,,,,,
34452,"trCovid19_Policy","Regulatory response to the COVID-19 pandemic ",,,275,"BIH","Bosnia and Herzegovina","No",2024,"","","",,,,,,,,,,,,,,
34452,"trCovid19_Policy","Regulatory response to the COVID-19 pandemic ",,,276,"GEO","Georgia","Yes",2024,"","","",,,,,,,,,,,,,,
34452,"trCovid19_Policy","Regulatory response to the COVID-19 pandemic ",,,281,"SVK","Slovakia","No",2022,"","","",,,,,,,,,,,,,,
34452,"trCovid19_Policy","Regulatory response to the COVID-19 pandemic ",,,283,"MKD","North Macedonia","Yes",2022,"","","",,,,,,,,,,,,,,
34452,"trCovid19_Policy","Regulatory response to the COVID-19 pandemic ",,,316,"MNE","Montenegro","No",2022,"","","",,,,,,,,,,,,,,
34453,"trCovid19_Policy_Areas","Regulatory areas",,,7,"ZAF","South Africa",,2022,"","","","Broadband access and availability for consumers","Spectrum management",,,,,,,,,,,,
34453,"trCovid19_Policy_Areas","Regulatory areas",,,10,"ALB","Albania",,2024,"","","","Broadband access and availability for consumers","Consumer protection","Affordability of services ",,,,,,,,,,,
34453,"trCovid19_Policy_Areas","Regulatory areas",,,11,"DZA","Algeria",,2022,"","","","Broadband access and availability for consumers","Affordability of services ","Quality of service and experience","Consumer protection","ICT accessibility",,,,,,,,,
34453,"trCovid19_Policy_Areas","Regulatory areas",,,16,"ARG","Argentina",,2022,"","","","Other","Emergency telecommunications","Consumer protection","Affordability of services ","Broadband access and availability for consumers",,,,,,,,,
34453,"trCovid19_Policy_Areas","Regulatory areas",,,17,"ARM","Armenia",,2022,"","","","Broadband access and availability for consumers","Consumer protection","ICT accessibility",,,,,,,,,,,
34453,"trCovid19_Policy_Areas","Regulatory areas",,,18,"SAU","Saudi Arabia",,2022,"","","","Regulatory harmonization","Broadband access and availability for consumers","Spectrum management","Broadcasting","ICT accessibility","Regulatory innovation and experimentation","Financial incentives to operators and service providers","Digital identity","Emergency telecommunications","Quality of service and experience","Traffic management, prioritization of traffic","Affordability of services ",,
34453,"trCovid19_Policy_Areas","Regulatory areas",,,18,"SAU","Saudi Arabia",,2024,"","","","Broadband access and availability for consumers","Affordability of services ","Traffic management, prioritization of traffic","Quality of service and experience","ICT accessibility","Spectrum management","Broadcasting","Digital identity","Emergency telecommunications","Financial incentives to operators and service providers","Regulatory innovation and experimentation","Other",,
34453,"trCovid19_Policy_Areas","Regulatory areas",,,23,"AUS","Australia","Spectrum management",2024,"","","",,,,,,,,,,,,,,
34453,"trCovid19_Policy_Areas","Regulatory areas",,,25,"AZE","Azerbaijan","Other",2022,"","","",,,,,,,,,,,,,,
34453,"trCovid19_Policy_Areas","Regulatory areas",,,27,"BRA","Brazil",,2024,"","","","Broadband access and availability for consumers","Affordability of services ",,,,,,,,,,,,
34453,"trCovid19_Policy_Areas","Regulatory areas",,,31,"BEN","Benin",,2022,"","","","Broadband access and availability for consumers","ICT accessibility","Spectrum management","Digital identity","Emergency telecommunications","Regulatory innovation and experimentation","Quality of service and experience","Consumer protection","Other",,,,,
34453,"trCovid19_Policy_Areas","Regulatory areas",,,39,"BOL","Bolivia (Plurinational State of)",,2022,"","","","Consumer protection","Quality of service and experience","ICT accessibility",,,,,,,,,,,
34453,"trCovid19_Policy_Areas","Regulatory areas",,,40,"BWA","Botswana",,2022,"","","","Broadband access and availability for consumers","ICT accessibility","Affordability of services ",,,,,,,,,,,
34453,"trCovid19_Policy_Areas","Regulatory areas",,,40,"BWA","Botswana",,2024,"","","","Spectrum management","Emergency telecommunications",,,,,,,,,,,,
34453,"trCovid19_Policy_Areas","Regulatory areas",,,42,"MMR","Myanmar","Affordability of services ",2022,"","","",,,,,,,,,,,,,,
34453,"trCovid19_Policy_Areas","Regulatory areas",,,53,"COL","Colombia",,2022,"","","","Affordability of services ","Traffic management, prioritization of traffic","Quality of service and experience","Consumer protection","ICT accessibility","Financial incentives to operators and service providers","Regulatory harmonization","Emergency telecommunications",,,,,,
34453,"trCovid19_Policy_Areas","Regulatory areas",,,53,"COL","Colombia",,2024,"","","","Broadband access and availability for consumers","Emergency telecommunications","Traffic management, prioritization of traffic",,,,,,,,,,,
34453,"trCovid19_Policy_Areas","Regulatory areas",,,54,"LKA","Sri Lanka",,2022,"","","","Broadband access and availability for consumers","ICT accessibility","Consumer protection","Affordability of services ","Universal service strategies",,,,,,,,,
34453,"trCovid19_Policy_Areas","Regulatory areas",,,54,"LKA","Sri Lanka",,2024,"","","","Broadband access and availability for consumers","Affordability of services ","ICT accessibility","Consumer protection","Spectrum management","Universal service strategies",,,,,,,,
34453,"trCovid19_Policy_Areas","Regulatory areas",,,55,"CMR","Cameroon",,2024,"","","","Broadband access and availability for consumers","Universal service strategies","Broadcasting","Emergency telecommunications","ICT accessibility","Consumer protection","Affordability of services ","Traffic management, prioritization of traffic","Quality of service and experience",,,,,
34453,"trCovid19_Policy_Areas","Regulatory areas",,,57,"COG","Congo (Rep. of the)","Affordability of services ",2024,"","","",,,,,,,,,,,,,,
34453,"trCovid19_Policy_Areas","Regulatory areas",,,62,"CRI","Costa Rica",,2022,"","","","Traffic management, prioritization of traffic","Broadband access and availability for consumers",,,,,,,,,,,,
34453,"trCovid19_Policy_Areas","Regulatory areas",,,62,"CRI","Costa Rica","Broadband access and availability for consumers",2024,"","","",,,,,,,,,,,,,,
34453,"trCovid19_Policy_Areas","Regulatory areas",,,63,"CUB","Cuba","Other",2022,"","","",,,,,,,,,,,,,,
34453,"trCovid19_Policy_Areas","Regulatory areas",,,67,"DEU","Germany",,2022,"","","","Affordability of services ","Consumer protection",,,,,,,,,,,,
34453,"trCovid19_Policy_Areas","Regulatory areas",,,67,"DEU","Germany",,2024,"","","","Affordability of services ","Consumer protection",,,,,,,,,,,,
34453,"trCovid19_Policy_Areas","Regulatory areas",,,72,"DOM","Dominican Rep.",,2024,"","","","Consumer protection","ICT accessibility","Emergency telecommunications","Regulatory innovation and experimentation","Broadcasting","Data protection","Spectrum management","Universal service strategies","Broadband access and availability for consumers",,,,,
34453,"trCovid19_Policy_Areas","Regulatory areas",,,73,"ESP","Spain","Other",2022,"","","",,,,,,,,,,,,,,
34453,"trCovid19_Policy_Areas","Regulatory areas",,,74,"EGY","Egypt",,2022,"","","","Broadband access and availability for consumers","Consumer protection","ICT accessibility","Affordability of services ","Emergency telecommunications","Universal service strategies","Financial incentives to operators and service providers",,,,,,,
34453,"trCovid19_Policy_Areas","Regulatory areas",,,74,"EGY","Egypt",,2024,"","","","Broadband access and availability for consumers","Regulatory innovation and experimentation","Financial incentives to operators and service providers","Digital identity","Affordability of services ",,,,,,,,,
34453,"trCovid19_Policy_Areas","Regulatory areas",,,84,"GBR","United Kingdom","Other",2022,"","","",,,,,,,,,,,,,,
34453,"trCovid19_Policy_Areas","Regulatory areas",,,90,"GHA","Ghana",,2024,"","","","Broadband access and availability for consumers","Affordability of services ","Traffic management, prioritization of traffic","Emergency telecommunications","Universal service strategies","Spectrum management",,,,,,,,
34453,"trCovid19_Policy_Areas","Regulatory areas",,,95,"GRC","Greece","Other",2022,"","","",,,,,,,,,,,,,,
34453,"trCovid19_Policy_Areas","Regulatory areas",,,98,"GTM","Guatemala",,2022,"","","","Broadband access and availability for consumers","Consumer protection","Affordability of services ",,,,,,,,,,,
34453,"trCovid19_Policy_Areas","Regulatory areas",,,98,"GTM","Guatemala",,2024,"","","","Broadband access and availability for consumers","Affordability of services ",,,,,,,,,,,,
34453,"trCovid19_Policy_Areas","Regulatory areas",,,103,"HKG","Hong Kong, China",,2024,"","","","Emergency telecommunications","Other",,,,,,,,,,,,
34453,"trCovid19_Policy_Areas","Regulatory areas",,,107,"HRV","Croatia","Consumer protection",2022,"","","",,,,,,,,,,,,,,
34453,"trCovid19_Policy_Areas","Regulatory areas",,,113,"IND","India",,2022,"","","","Other","Broadband access and availability for consumers","Financial incentives to operators and service providers","Traffic management, prioritization of traffic",,,,,,,,,,
34453,"trCovid19_Policy_Areas","Regulatory areas",,,113,"IND","India",,2024,"","","","Broadband access and availability for consumers","Financial incentives to operators and service providers","Traffic management, prioritization of traffic","Other",,,,,,,,,,
34453,"trCovid19_Policy_Areas","Regulatory areas",,,114,"IDN","Indonesia",,2022,"","","","Broadband access and availability for consumers","Universal service strategies","Quality of service and experience","Affordability of services ","ICT accessibility",,,,,,,,,
34453,"trCovid19_Policy_Areas","Regulatory areas",,,114,"IDN","Indonesia",,2024,"","","","Broadband access and availability for consumers","Quality of service and experience","Affordability of services ","ICT accessibility","Universal service strategies",,,,,,,,,
34453,"trCovid19_Policy_Areas","Regulatory areas",,,116,"IRN","Iran (Islamic Republic of)","Spectrum management",2022,"","","",,,,,,,,,,,,,,
34453,"trCovid19_Policy_Areas","Regulatory areas",,,117,"IRQ","Iraq",,2024,"","","","Universal service strategies","Affordability of services ","Broadband access and availability for consumers",,,,,,,,,,,
34453,"trCovid19_Policy_Areas","Regulatory areas",,,119,"ISR","Israel",,2022,"","","","Other","Traffic management, prioritization of traffic","Quality of service and experience","Consumer protection","Spectrum management",,,,,,,,,
34453,"trCovid19_Policy_Areas","Regulatory areas",,,120,"JPN","Japan","Data protection",2024,"","","",,,,,,,,,,,,,,
34453,"trCovid19_Policy_Areas","Regulatory areas",,,130,"KWT","Kuwait",,2024,"","","","Digital identity","Affordability of services ","Traffic management, prioritization of traffic","Broadband access and availability for consumers",,,,,,,,,,
34453,"trCovid19_Policy_Areas","Regulatory areas",,,138,"LTU","Lithuania","Other",2024,"","","",,,,,,,,,,,,,,
34453,"trCovid19_Policy_Areas","Regulatory areas",,,147,"MEX","Mexico",,2022,"","","","Other","Broadband access and availability for consumers","Spectrum management","Broadcasting","ICT accessibility","Universal service strategies","Data protection","Emergency telecommunications","Affordability of services ","Quality of service and experience",,,,
34453,"trCovid19_Policy_Areas","Regulatory areas",,,147,"MEX","Mexico",,2024,"","","","Broadband access and availability for consumers","Traffic management, prioritization of traffic","Affordability of services ","ICT accessibility","Consumer protection","Emergency telecommunications",,,,,,,,
34453,"trCovid19_Policy_Areas","Regulatory areas",,,152,"MNG","Mongolia","Other",2022,"","","",,,,,,,,,,,,,,
34453,"trCovid19_Policy_Areas","Regulatory areas",,,152,"MNG","Mongolia","Other",2024,"","","",,,,,,,,,,,,,,
34453,"trCovid19_Policy_Areas","Regulatory areas",,,155,"MAR","Morocco",,2022,"","","","Broadband access and availability for consumers","ICT accessibility","Affordability of services ","Quality of service and experience","Spectrum management",,,,,,,,,
34453,"trCovid19_Policy_Areas","Regulatory areas",,,155,"MAR","Morocco",,2024,"","","","Spectrum management","Traffic management, prioritization of traffic","Quality of service and experience","Broadband access and availability for consumers","Affordability of services ",,,,,,,,,
34453,"trCovid19_Policy_Areas","Regulatory areas",,,156,"MHL","Marshall Islands","Quality of service and experience",2024,"","","",,,,,,,,,,,,,,
34453,"trCovid19_Policy_Areas","Regulatory areas",,,173,"NZL","New Zealand","Broadband access and availability for consumers",2022,"","","",,,,,,,,,,,,,,
34453,"trCovid19_Policy_Areas","Regulatory areas",,,176,"OMN","Oman",,2022,"","","","Broadband access and availability for consumers","Universal service strategies","ICT accessibility",,,,,,,,,,,
34453,"trCovid19_Policy_Areas","Regulatory areas",,,176,"OMN","Oman",,2024,"","","","ICT accessibility","Universal service strategies","Broadband access and availability for consumers",,,,,,,,,,,
34453,"trCovid19_Policy_Areas","Regulatory areas",,,182,"PAK","Pakistan",,2022,"","","","Broadband access and availability for consumers","Affordability of services ","Consumer protection","Quality of service and experience","ICT accessibility","Universal service strategies","Emergency telecommunications","Regulatory innovation and experimentation","Digital identity",,,,,
34453,"trCovid19_Policy_Areas","Regulatory areas",,,182,"PAK","Pakistan",,2024,"","","","Broadband access and availability for consumers","Universal service strategies","Spectrum management","Emergency telecommunications","Digital identity","Regulatory innovation and experimentation","ICT accessibility","Consumer protection","Quality of service and experience","Affordability of services ",,,,
34453,"trCovid19_Policy_Areas","Regulatory areas",,,189,"PAN","Panama",,2022,"","","","Affordability of services ","Financial incentives to operators and service providers","Emergency telecommunications",,,,,,,,,,,
34453,"trCovid19_Policy_Areas","Regulatory areas",,,189,"PAN","Panama",,2024,"","","","Consumer protection","ICT accessibility","Digital identity","Spectrum management","Universal service strategies","Broadband access and availability for consumers",,,,,,,,
34453,"trCovid19_Policy_Areas","Regulatory areas",,,191,"PRT","Portugal","Consumer protection",2022,"","","",,,,,,,,,,,,,,
34453,"trCovid19_Policy_Areas","Regulatory areas",,,191,"PRT","Portugal",,2024,"","","","Emergency telecommunications","Consumer protection","Quality of service and experience","Traffic management, prioritization of traffic",,,,,,,,,,
34453,"trCovid19_Policy_Areas","Regulatory areas",,,193,"PER","Peru",,2022,"","","","Emergency telecommunications","Financial incentives to operators and service providers","Spectrum management","Traffic management, prioritization of traffic","Quality of service and experience","Other",,,,,,,,
34453,"trCovid19_Policy_Areas","Regulatory areas",,,196,"QAT","Qatar",,2022,"","","","Broadband access and availability for consumers","Consumer protection","Affordability of services ","ICT accessibility","Emergency telecommunications",,,,,,,,,
34453,"trCovid19_Policy_Areas","Regulatory areas",,,196,"QAT","Qatar",,2024,"","","","Broadband access and availability for consumers","Affordability of services ","Consumer protection","ICT accessibility","Emergency telecommunications",,,,,,,,,
34453,"trCovid19_Policy_Areas","Regulatory areas",,,200,"ROU","Romania","ICT accessibility",2024,"","","",,,,,,,,,,,,,,
34453,"trCovid19_Policy_Areas","Regulatory areas",,,201,"RWA","Rwanda",,2022,"","","","Broadband access and availability for consumers","ICT accessibility","Data protection","Quality of service and experience","Consumer protection","Affordability of services ",,,,,,,,
34453,"trCovid19_Policy_Areas","Regulatory areas",,,201,"RWA","Rwanda",,2024,"","","","Affordability of services ","Broadband access and availability for consumers","Consumer protection","ICT accessibility","Quality of service and experience","Data protection",,,,,,,,
34453,"trCovid19_Policy_Areas","Regulatory areas",,,205,"SDN","Sudan",,2022,"","","","Other","Emergency telecommunications","Regulatory harmonization","Data protection","Spectrum management","Quality of service and experience","Consumer protection","Affordability of services ",,,,,,
34453,"trCovid19_Policy_Areas","Regulatory areas",,,205,"SDN","Sudan",,2024,"","","","Broadband access and availability for consumers","Affordability of services ","Emergency telecommunications","Regulatory innovation and experimentation","Spectrum management","Data protection","Quality of service and experience","Traffic management, prioritization of traffic","Consumer protection","Other",,,,
34453,"trCovid19_Policy_Areas","Regulatory areas",,,217,"SLE","Sierra Leone","Emergency telecommunications",2022,"","","",,,,,,,,,,,,,,
34453,"trCovid19_Policy_Areas","Regulatory areas",,,218,"STP","Sao Tome and Principe","Emergency telecommunications",2022,"","","",,,,,,,,,,,,,,
34453,"trCovid19_Policy_Areas","Regulatory areas",,,224,"SYR","Syrian Arab Republic","Other",2022,"","","",,,,,,,,,,,,,,
34453,"trCovid19_Policy_Areas","Regulatory areas",,,227,"CZE","Czech Republic",,2022,"","","","Other","Broadband access and availability for consumers",,,,,,,,,,,,
34453,"trCovid19_Policy_Areas","Regulatory areas",,,229,"THA","Thailand","Other",2022,"","","",,,,,,,,,,,,,,
34453,"trCovid19_Policy_Areas","Regulatory areas",,,229,"THA","Thailand","Broadband access and availability for consumers",2024,"","","",,,,,,,,,,,,,,
34453,"trCovid19_Policy_Areas","Regulatory areas",,,234,"TTO","Trinidad and Tobago",,2022,"","","","Broadband access and availability for consumers","Universal service strategies",,,,,,,,,,,,
34453,"trCovid19_Policy_Areas","Regulatory areas",,,234,"TTO","Trinidad and Tobago",,2024,"","","","Spectrum management","Other",,,,,,,,,,,,
34453,"trCovid19_Policy_Areas","Regulatory areas",,,236,"TUR","Türkiye","Consumer protection",2024,"","","",,,,,,,,,,,,,,
34453,"trCovid19_Policy_Areas","Regulatory areas",,,239,"ARE","United Arab Emirates",,2022,"","","","Other","Broadband access and availability for consumers","Affordability of services ","Traffic management, prioritization of traffic","Consumer protection","Quality of service and experience","Data protection","Digital identity","Emergency telecommunications","Spectrum management","Broadcasting","ICT accessibility",,
34453,"trCovid19_Policy_Areas","Regulatory areas",,,239,"ARE","United Arab Emirates",,2024,"","","","Broadband access and availability for consumers","Affordability of services ","Consumer protection","ICT accessibility","Traffic management, prioritization of traffic","Quality of service and experience","Spectrum management","Data protection","Broadcasting","Emergency telecommunications","Digital identity","Other",,
34453,"trCovid19_Policy_Areas","Regulatory areas",,,242,"URY","Uruguay",,2022,"","","","Regulatory harmonization","Broadband access and availability for consumers","Universal service strategies","ICT accessibility","Broadcasting","Spectrum management","Financial incentives to operators and service providers","Emergency telecommunications","Regulatory innovation and experimentation","Data protection","Digital identity","Quality of service and experience","Consumer protection","Affordability of services "
34453,"trCovid19_Policy_Areas","Regulatory areas",,,242,"URY","Uruguay",,2024,"","","","Affordability of services ","Broadband access and availability for consumers","Emergency telecommunications","Digital identity","Data protection","Quality of service and experience","Traffic management, prioritization of traffic","ICT accessibility","Consumer protection",,,,,
34453,"trCovid19_Policy_Areas","Regulatory areas",,,245,"UZB","Uzbekistan",,2022,"","","","Broadband access and availability for consumers","Financial incentives to operators and service providers","Data protection","Digital identity","ICT accessibility","Universal service strategies","Broadcasting","Spectrum management","Affordability of services ","Traffic management, prioritization of traffic","Consumer protection","Quality of service and experience",,
34453,"trCovid19_Policy_Areas","Regulatory areas",,,245,"UZB","Uzbekistan",,2024,"","","","Broadband access and availability for consumers","Affordability of services ","Consumer protection","ICT accessibility","Traffic management, prioritization of traffic","Quality of service and experience","Broadcasting","Data protection","Universal service strategies","Spectrum management","Digital identity","Emergency telecommunications","Financial incentives to operators and service providers",
34453,"trCovid19_Policy_Areas","Regulatory areas",,,251,"VUT","Vanuatu",,2022,"","","","Broadband access and availability for consumers","Affordability of services ","Quality of service and experience","Consumer protection","Financial incentives to operators and service providers","Spectrum management",,,,,,,,
34453,"trCovid19_Policy_Areas","Regulatory areas",,,276,"GEO","Georgia","Other",2024,"","","",,,,,,,,,,,,,,
34453,"trCovid19_Policy_Areas","Regulatory areas",,,283,"MKD","North Macedonia","Spectrum management",2022,"","","",,,,,,,,,,,,,,