dataYear,14 years and younger,15 to 24 years,25 to 74 years,75 years and older,"Accessing or posting opinions on chat sites, blogs, newsgroups or discussions",Active mobile-broadband subscriptions,Active or pasive Infrastructure sharing,Active or passive mobile infrastructure sharing,Advanced retail mobile services,Advanced retail services,Advanced wholesale services,Allowed foreign ownership in Internet Service Providers (ISPs),Allowed foreign ownership in Value-added service providers,Allowed foreign ownership in facilities-based operators,Allowed foreign ownership in international service operators,Allowed foreign ownership in local service operators,Allowed foreign ownership in long-distance service operators,Allowed foreign ownership in spectrum-based operators,Alternative dispute resolution,"Amount of spectrum licensed for IMT systems, in MHz","Amount of spectrum offered for IMT systems, in MHz",Annual foreign investment in telecommunications,Annual investment in telecommunication services,Approach applied for costing fixed origination rates,Approach applied for costing fixed termination rates,Approach applied for costing mobile origination rates,Approach applied for costing mobile termination rates,Are operators taken any measures to reduce the risk of bill shock,Are the grounds for removal of the Head/Commissioners of the ICT Regulatory Authority set forth in the law?,Areas covered,At another persons home,At community Internet access facility,At home,At least 2G,At least 3G,At least 5G,At least LTE/WiMAX,At least once a day,At least once a week but not every day,At place of education,At work,Autonomy in decision-making,Average Download Throughput for Fixed Broadband,Average Download Throughput for Mobile Broadband,Average Upload Throughput for Mobile Broadband,Average upload Throughput for Fixed Broadband,BSS (Satellite TV),"Books, magazines or newspapers",Broadband services are part of universal service/access scheme,Broader regulatory incentives for telecom/ICT operators,By broadband,By fixed (wired) broadband,By fixed narrowband network,By mobile broadband network via a card or USB modem,By mobile broadband network via a handset,By mobile phone - via WiFi or other wireless networks,By mobile phone - via mobile cellular network,By other portable devices,By portable computer - via WiFi or other wireless networks,By portable computer - via mobile cellular network,By satellite broadband network,By tablet - via WiFi or other wireless networks,By tablet - via mobile cellular network,By terrestrial fixed (wireless) broadband network,Cable TV (CATV),Cable Television,Cable modem,Cash on delivery,"Changing privacy settings on your device, account or app",Charges revision,Charging principle adopted,Charging regime fixed services,Charging regime mobile services,"Clothing, footwear, sporting goods or accessories",Computer equipment or parts,Computer or video games,Computer software,Concept of dominance/SMP,Conditions for porting over mobile networks,Connecting and installing new devices,"Consulting wikis, encyclopaedias or other websites for learning purposes",Consumers,Content taxes (e.g. video-streaming taxes),Corporate taxes,Cosmetics,Cost model depend on cost accounting data,Cost of Internet use is too high,Cost of service is too high,Cost of the equipment is too high,Countries having defined UAS,Countries with an operational Universal Service Fund (USF),Country access to international connectivity,Creating electronic presentations with presentation software,Credit card online,Criteria used in determining SMP,Cultural reasons,Cybersecurity legislation/regulation exist,DSL,Data services part of UAS definition,Data-only mobile broadband basket 5 GB,Debit card or electronic bank transfer online,Definition of competition,Delivery directly to the buyer using postal services,Desktop computer,Digital terrestrial TV (DTT),Direct-to-home (DTH) satellite services,Dispute resolution mechanisms,Dispute resolutions decisions published,Do not know how to use it,Do not need the Internet,Does the law establish a clear appointment process and selection criteria for the Head/Chairperson/Commissioners of the ICT Regulatory Authority?,Doing an online course,Domestic fixed long distance,Domestic fixed-to-fixed telephone traffic,Domestic mobile-telephone traffic,Don’t know what Internet is,Downloading software or applications,E-commerce providers,Entity approving regulatory decisions,Ethics rules in place at the ICT regulator,Ex ante obligations imposed on SMP operators,Existing Over-the-top (OTT) regulations,Existing regulations,Facility open to the public,Fault Resolution Period for Fixed Broadband Service,Female,Fibre,Financial products,Financing mechanisms for universal access,"Finding, downloading, installing and configuring software",Fixed Wireless Broadband,Fixed satellite services (FSS),Fixed services,Fixed-broadband Internet 5GB,Fixed-broadband Internet traffic,Fixed-broadband subscriptions,Fixed-broadband subscriptions for organizations,Fixed-telephone numbers ported,Fixed-telephone subscriptions,Fixed-telephone subscriptions that are residential ,Fixed-to-mobile telephone traffic,"Food, groceries, alcohol or tobacco",Foreign ICT service providers treated differently in terms of taxation,Frequency Table public,Full-time equivalent telecommunication employees ,Getting information about goods or services,Getting information from general government organizations,Have access to the Internet elsewhere,Household goods,Households with a TV,Households with a computer,Households with a radio,Households with telephone (fixed or mobile),ICT Operators / services providers,ICT Regulator collecting international mobile roaming retail tariff data,ICT Regulator collecting international mobile roaming wholesale tariff data,ICT Regulator has jurisdiction over OTTs,ICT Regulator responsible for e-Applications,ICT accessibility policies,ICT consumer protection legislation,ICT regulator have a cybersecurity mandate,ICT sector - Other issues,ICT sector - Relevant markets,ICT sector - Significant Market Power,ICT services (excluding software),Import duties,Import duties on handsets,Incoming international traffic to mobile network,Individuals using a computer,Individuals using a mobile cellular telephone,Individuals using a smart phone,Individuals using the Internet,Individuals who own a mobile cellular telephone,Individuals who own a smart telephone,Information on licensing agreements,Information on licensing process,Information on licensing requests,Information on spectrum publicly available,Infrastructure sharing for fixed services based on commercial agreement,Infrastructure sharing for fixed services practiced,Infrastructure sharing for mobile based on commercial agreement,Infrastructure sharing for mobile practiced,Interacting with general government organizations,International Gateways,International bandwidth usage,International fixed long distance,International incoming and outgoing fixed-telephone traffic,International incoming fixed-telephone traffic,International landing points,International mobile roaming services are part of the mobile package,International mobile roaming services available,International outgoing fixed-telephone traffic,Internet banking,Internet of Things (IoT) regulations,Internet service is available but it does not correspond to household needs,Internet service is not available in the area,Internet service providers (ISPs),Internet services,Internet-protocol TV (IPTV),Is the term of Head/Commissioners renewable?,Is there a billing framework to support charging mechanisms for IoT services and applications?,Jurisdiction over radio spectrum issues,"Lack of confidence, knowledge or skills",Lack of local content,Laptop computer,Leased Lines,Legal act that addresses foreign participation and ownership in ICTs,Legal instruments - Significant Market Power (SMP),Legal limit of the number of licences,Less than once a week,Listening to web radio,Lit/equipped international bandwidth capacity,Local fixed line services,Looking for a job or sending/submitting a job application,M2M mobile-network subscriptions,Making an appointment with a health practitioner via a website,Making calls using VoIP or messaging app,Male,Managing authority of USF,Means of financing operator’s UAS obligations,Measures applied to reduce the risk of bill shock,Medicine,Minimum capital requirement to obtain a licence,Mobile,Mobile Broadband,"Mobile broadband data and voice high-consumption basket total (140 min, 20 SMS, 5 GB)","Mobile broadband data and voice low-consumption basket total (70 min, 50 SMS, 1 GB)",Mobile money account,Mobile satellite services (MSS),Mobile services,Mobile-broadband Internet traffic (within the country),Mobile-cellular dropped call ratio,Mobile-cellular numbers ported ,Mobile-cellular subscriptions,Mobile-cellular subscriptions: Prepaid,Mobile-cellular unsuccessful call ratio,"Movies, short films or images",Municipal network initiatives,Music products,National Table of Frequency Allocations,"National development strategy, digital agenda or digital stimulus strategy incl. broadband",National regulation that mandates access to international facilities,No electricity in the household,Not allowed to use the Internet,Not interested,Number of Internet exchange points (IXPs),Number of Internet service providers (ISPs),Number of countries with which there is a country-level roaming agreement,Number of countries with which there is an operator-level roaming agreement,Number of geographic tariff zones,Number portability currently available to fixed subscribers,Number portability currently available to mobile subscribers,Number portability required from fixed operators,Number portability required from mobile operators,Online / electronic delivery by downloading,Online payment service,Operators under obligation to provide UAS,Organizational structure - Modalities of change,Organizational structure setting responsibilities,Other (e.g. bank check by post),Other entity responsible for e-Applications,Other reason,Other requirements to obtain a licence,Other services part of UAS definition,Outgoing mobile traffic to fixed networks,Outgoing mobile traffic to international,"Overlapping mandates in spectrum management, allocation and assignment",Overruling of regulatory decisions,Ownership fees,Packet Latency for Fixed Broadband,Packet Latency for Mobile Broadband,Participating in professional networks,Participating in social networks,Periodicity of review of the SMP status,"Photographic, telecommunications or optical equipment",Picked up from point of sale or service point,Portion of access costs to international connection in retail price,Prefer to shop in person,Prepaid gift card or online voucher,Price regulation of Bitstream access,Price regulation of OTT video,Price regulation of OTT voice and messaging,Price regulation of access to Internet exchange points (IXPs),Price regulation of access to international gateways,Price regulation of interconnection: fixed origination services,Price regulation of interconnection: fixed termination services,Price regulation of interconnection: mobile origination services,Price regulation of interconnection: mobile termination services,"Price regulation of international retail roaming services (voice, SMS)",Price regulation of international voice roaming,Price regulation of leased lines,Price regulation of line rental,Price regulation of national data transit,"Price regulation of national retail roaming services (voice, SMS)",Price regulation of national voice roaming,Price regulation of retail IPTV services,Price regulation of retail Internet access and data services,Price regulation of retail SMS,Price regulation of retail cable TV services,Price regulation of retail data roaming (Internet connection) services,Price regulation of retail international voice services,Price regulation of retail mobile TV services,Price regulation of retail mobile calling cards,Price regulation of retail national long distance voice services,Price regulation of retail satellite TV services,Price regulation of retail terrestrial TV services,Price regulation of retail voice services,Price regulation of unbundled local loop,Privacy concerns,Privacy or security concerns,Projects financed by USFs,Property taxes,Proportion of households with electricity,Provisions for foreign suppliers/licensees,Purchasing or ordering goods or services,Quality of service monitoring required,"Reading or downloading newspapers, magazines or books",Regionally harmonized frequency allocation,Regulatory decisions to be submitted for approval,Regulatory framework for dispute resolution,Regulatory framework for e-Applications,Regulatory incentives for telecom/ICT operators,Regulatory practice applied for retail international mobile roaming regulated prices,Regulatory practice applied for wholesale international mobile roaming prices,Regulatory treatment of foreign providers,Responsibility for consumer education,Responsibility for ensuring consumer participation in the work of regulator,Responsibility for handling consumer complaints,Responsibility for providing comparable tariff information,Responsibility for supporting consumer representation,Restriction to foreign participation or ownership in the ICT sector,Retail fixed broadband access service,"Retail fixed broadband applications, including content*",Retail fixed broadband services,Retail international mobile roaming prices regulated,Retail mobile broadband access service,Retail mobile broadband application including content*,Retail mobile broadband services,Revenue from all telecommunication services,Revenue from mobile networks,Review of competition frameworks,Review of the SMP status,Rural,SMS sent,Sanctions for non-conformance with QoS requirements applied,Sanctions for non-conformance with QoS requirements exist,Sector specific taxes,Security concerns,Seeking health information,Self-regulatory or commercial offers proposed by operators,Selling goods or services,Sending e-mails with attached files,Sending or receiving e-mail,Service activation time for fixed-broadband service,Service providers required to contribute to USF,Services subject to QoS monitoring,Setting up effective security measures to protect devices and accounts,Significant reforms planned on IoT/M2M ,Specific regulations,Specific requirements to operators and service providers,Spectrum agency,Spectrum or license fees subject to value-added taxes (VAT),Status of the main fixed-line operator/incumbent 100% state-owned,Steps used to optimize costs of international connectivity,"Streaming, playing or downloading games, images, movies, videos or music",Subscriptions to fixed-broadband and fixed-telephone bundles,"Subscriptions to fixed-broadband, fixed-telephone and pay-TV bundles",Tablet,Taking part in online consultations or voting to define civic or political issues,"Taxation of virtual currencies (crypto currency, crypto-assets)? ",Technical concerns,Telecom service providers allowed to offer geographically differentiated broadband services,Tickets or bookings for entertainment events,Timeframe for resolving disputes,Total international incoming telephone traffic,Total international outgoing telephone traffic,Total international telephone traffic,Total population,Traditional retail mobile services,Traditional retail services,Transferring files between a computer and other devices,Travel products (e.g. tickets or bookings),Trust concerns,Type of connection to international transit,Types of operating licenses/authorizations provided,USF financing,Universal Access/Service (UAS) policy,Uploading self/user-created content to a website to be shared,Urban,Using basic arithmetic formula in a spreadsheet,Using copy and paste tools within a document,Using services related to travel or travel-related accommodation,"Using software run over the Internet for editing text documents, spreadsheets or presentations","Using storage space on the Internet to save documents, pictures, music, video or other files",VSAT,Value-added taxes (VAT),Verifying the reliability of information found online,VoIP subscriptions,Voice services part of UAS definition,Watching web television,What are the reasons for removal?,What is the normal period of appointment for the members and the Head of the Regulatory Authority?,"While commuting, in transport or walking",Who appoints the members and the Head?,Who has the power to remove the Head/ Commissioners?,Who regulates issues related to the Internet of Things?,Wholesale fixed broadband access service,Wholesale fixed broadband service offered to retail service providers,Wholesale international mobile roaming prices regulated,Wholesale mobile broadband access service,Wholesale mobile broadband services offered to retail service providers,Wireless Local Loop,Writing a computer program using a programming language
2000,,,,,,,,,,,,,,,,,,,,,,,89709071.7299578,,,,,,,,,,,,,,,,,,,,,,,,,,,,,,,,,,,,,,,,,,,,,,,,,,,,,,,,,,,,,,,,,,,,,,,,,,,,,,,,,,,,,,,,,,,,,,,,,,,,,,,,,,,,,,,,,,,,491303.0,,,,,,16098.0,,,,,,,,1.11,,,,,,,,,,,,,,,,,,,0.0710394230507683,,,,,,,,,,,,,16.0,,217207516.0,173292576.0,,,,43914940.0,,,,,,,,,,,,,,,,,,,,,,,,,,,,,,,,,,,,,,,,,,279000.0,48000.0,,,,,,,,,,,,,,,,,,,,,,,,,,,,,,,,,,,,,,,,,,,,,,,,,,,,,,,,,,,,,,,,,,,,,,,,,,,,,,,,,,,,,,,,,,,,,,,,,,,,,,,,356942846.183353,88300728.8070579,,,,,,,,,,,,,,,,,,,,,,,,,,,,,,,,,,,,,,134544304.0,,,,,,,,,,,,,,,,,,,,,,,,,,,,,,,,,,,
2001,,,,,,,,,,,,,,,,,,,,,,,69951621.5731948,,,,,,,,,,,40.0,,,,,,,,,,,,,,,,,,,,,,,,,,,,,,,,,,,,,,,,,,,,,,,,,,,,,,,,,,,,,,,,,,,,,,,,,,,,,,,,,,,,,,,,,,,,,,,,,,,,,,,,,564880.0,,,,,,19814.0,,,,,,,,1.19,,,,,,,,,,,,,,,,,,,0.129807973947512,,,,,,,,,,,,,40.0,,279549305.0,235990284.0,,,,43559021.0,,,,,,,,,,,,,,,,,,,,,,,,,,,,,,,,,,,,,,,,,,520000.0,200000.0,,,,,,,,,,,,,,,,,,,,,,,,,,,,,,,,,,,,,,,,,,,,,,,,,,,,,,,,,,,,,,,,,,,,,,,,,,,,,,,,,,,,,,,,,,,,,,,,,,,,,,,,365633399.032431,131768500.268769,,,,,,,,,,,,,,,,,,,,,,,,,,,,,,,,,,,,,,136805810.0,,,,,,,,,,,,,,,,,,,,,,,,,,,,,,,,,,,
2002,,,,,,,,,,,,,,,,,,,,,,,80065641.7343237,,,,,,,,,,,44.0,,,,,,,,,,,,,,,,,,,,,,,,,,,,,,,,,,,,,,,,,,,,,,,,,,,,,,,,,,,,,,,,,,,,,,,,,,,,,,,,,,,,,,,,,,,,,,,,,,,,,,,,,605931.0,,,,,,,,,,,,0.816784043,,2.3,,,,,,,,,,,,,,,,,,,0.13992028850905,,,,,,,,,,,,,43.0,,394774555.0,355504881.0,,,,39269674.0,,,,,,,,,,,,,,,,,,,,,,,,,,,,,,,,,,,,,,,,,,1075000.0,681890.0,,,,,,,,,,,,,,,,,,,,,,,,,,,,,,,,,,,,,,,,,,,,,,,,,,,,,,,,,,,,,,,,,,,,,,,,,,,,,,,,,,,,,,,,,,,,,,,,,,,,,,,,519467956.469166,250423216.444982,,,,,,,,,,,,,,,,,,,,,,,,,,,,,,,,,,,,,,138933658.0,,,,,,,,,,,,,,,,,,,,,,,,,,,,,,,,,,,
2003,,,,,,,,,,,,,,,,,,,,,,,,,,,,,,,,,,50.0,,,,,,,,,,,,,,,,,,,,,,,,,,,,,,,,,,,,,,,,,,,,,,,,,,,,,,,,,,,,,,,,,,,,,,,,,,,,,,,,,,,,,,,,,,,,,,,,,,,,,,,,,742048.0,,,,,,,,,,,,1.0,,2.8,,,,,,,,,,,,,,,,,,,0.163877665498048,,,,,,,,,,,,,50.0,,640600000.0,564000000.0,,,,76600000.0,,,,,,,,,,,,,,,,,,,,,,,,,,,,,,,,,,,,,,,,,,1365000.0,1160415.0,,,,,,,,,,,,,,,,,,,,,,,,,,,,,,,,,,,,,,,,,,,,,,,,,,,,,,,,,,,,,,,,,,,,,,,,,,,,,,,,,,,,,,,,,,,,,,,,,,,,,,,,582665520.206363,301599312.123818,,,,,,,,,,,,,,,,,,,,,,,,,,,,,,,,,,,,,,140970351.0,,,,,,,,,,,,,,,,,,,,,,,,,,,,,,,,,,,
2004,,,,,,,,,,,,,,,,,,,,,,,,,,,,,,,,,,70.0,,,,,,,,,,,,,,,,,,,,,,,,,,,,,,,,,,,,,,,,,,,,,,,,,,,,,,,,,,,,,,,,,,,,,,,,,,,,,,,,,,,,,,,,,,,,,,,,,,,,,,,,,830950.0,,,,,,,,,,,,1.2,,4.8,,,,,,,,,,,,,,,,,,,0.199036333744363,,,,,,,,,,,,,60.0,,653611366.0,551037557.0,,,,102573809.0,,,,,,,,,,,,,,,,,,,,,,,,,,,,,,,,,,,,,,,,,,2781560.0,2216655.0,,,,,,,,,,,,,,,,,,,,,,,,,,,,,,,,,,,,,,,,,,,,,,,,,,,,,,,,,,,,,,,,,,,,,,,,,,,,,,,,,,,,,,,,,,,,,,,,,,,,,,,,840194925.222652,560880524.281633,,,,,,,,,,,,,,,,,,,,,,,,,,,,,,,,,,,,,,142902856.0,,,,,,,,,,,,,,,,,,,,,,,,,,,,,,,,,,,
2005,,,,,,,,,,,,,,,,,,,,,,,,,,,,,,,,,,80.0,,,,,,,,,,,,,,,,,,,,,,,,,,,,,,,,,,,,,,,,,,,,,,,,,,,,,,,,,,,,,,,,,,,,,,,,,,,,,,,,,,,,,,,,,,,,,,,,,,,,,,,,,1070000.0,,,,,,,,,,,,1.36,,,,,,,,,,,,,,,,,,,,,0.241600007,,,,,,,,,,,,,60.0,,785259744.0,566577975.0,,,,218681769.0,,,,,,,,,,,,,,,,,,,,,,,,,,,,,,,,,,,,,,,,,,9000000.0,,,,,,,,,,,,,,,,,,,,,,,,,,,,,,,,,,,,,,,,,,,,,,,,,,,,,,,,,,,,,,,,,,,,,,,,,,,,,,,,,,,,,,,,,,,,,,,,,,,,,,,,,,,,,,,,,,,,,,,,,,,,,,,,,,,,,,,,,,,,,,,,144715786.0,,,,,,,,,,,,,,,,,,,,,,,,,,,,,,,,,,,
2006,,,,,,,,,,,,,,,,,,,,,,,,,,,,,,,,,,90.0,,,,,,,,,,,,,,,,,,,,,,,,,,,,,,,,,,,,,,,,,,,,,,,,,,,,,,,,,,,,,,,,,,,,,,,,,,,,,,,,,,,,,,,,,,,,,,,,,,,,,,,,,1134000.0,,,,,,,,,,,,1.633333333,,,,,,,,,,,,,,,,,,,,,1.0,,,,,,,,,,,,,348.0,,1005202395.0,770879014.0,,,,234323381.0,,,,,,,,,,,,,,,,,,,,,,,,,,,,,,,,,,,,,,,,,,19130983.0,13391688.0,,,,,,,,,,,,,,,,,,,,,,,,,,,,,,,,,,,,,,,,,,,,,,,,,,,,,,,,,,,,,,,,,,,,,,,,,,,,,,,,,,,,,,,,,,,,,,,,,,,,,,,,,,,,,,,,,,,,,,,,,,,,,,,,,,,,,,,,,,,,,,,146405973.0,,,,,,,,,,,,,,,,,,,,,,,,,,,,,,,,,,,
2007,,,,,,,,,,,,,,,,,,,,,,,,,,,,,,,,,,,,,,,,,,,,,,,,,,,,,,,,,,,,,,,,,,,,,,,,,,,,,,,,,,,,,,,,,,,,,,,,,,,,,,,,,,,,,,,,,,,,,,,,,,,,,,,,,,,,,,,,43710.0,,,1186919.0,,,,,,,,,,,,1.905555556,,,,,,,,,,,,,,,,,,,,,1.799999952,,,,,,,,,,,,,642.0,,,,,,,,,,,,,,,,,,,,,,,,,,,,,,,,,,,,,,,,,,,,,,,,,34370000.0,,,,,,,,,,,,,,,,,,,,,,,,,,,,,,,,,,,,,,,,,,,,,,,,,,,,,,,,,,,,,,,,,,,,,,,,,,,,,,,,,,,,,,,,,,,,,,,,,,,,,,,,,,,,,,,,,,,,,,,,,,,,,,,,,,,,,,,,,,,,,,,,147989278.0,,,,,,,,,,,,,,,,,,,,,,,,,,,,,,,,,,,
2008,,,,,,,,,,,,,,,,,,,,,,,,,,,,,,,,,,,,,,,,,,,,,,,,,,,,,,,,,,,,,,,,,,,,,,,,,,,,,,,,,,,,,,,,,,,,,,,,,,,,,,,,,,,,,,,,,,,,,,,,,,,,,,,,,,,,,,,,50000.0,,,1344456.0,,,,,,,,,,,,2.23886042,,,,,,,,,,,,,,,,,,,,,2.5,,,,,,,,,,,,,1860.0,,,,,,,,,,,,,,,,,,,,,,,,,,,,,,,,,,,,,,,,,,,,,,,,,44640000.0,,,,,,,,,,,,,,,,,,,,,,,,,,,,,,,,,,,,,,,,,,,,,,,,,,,,,,,,,,,,,,,,,,,,,,,,,,,,,,,,,,,,,,,,,,,,,,,,,,,,,,,,,,,,,,,,,,,,,,,,,,,,,,,,,,,,,,,,,,,,,,,,149474264.0,,,,,,,,,,,,,,,,,,,,,,,,,,,,,,,,,,,
2009,,,,,,4273.0,,,,,,,,,,,,,,,,18640181782.0,1715740076.92187,,,,,,,,,,,93.0,,,,,,,,,,,,,,,,,,,,,,,,,,,,,,,,,,,,,,,,,,,,,,,,,,,,,,,,,,,,,,,,,,,,,,,,,,,,,,,,,96148042987.0,,,,,,,,,,,,,,,,,,,,,316699.0,,,1234895.0,1.32967799430734,,,,,320000.0,,,,,,2.63,,,,,,,,,,,,,,,,,5779417886.0,,,,3.099999905,,,,,,,,,,,,,4500.0,,3175000000.0,3100000000.0,,,,75000000.0,,,,,,,,,,,,,,,,,,,,,,,,,,,,,,,,,,,,,,,,1.11,,51359315.0,49903124.0,2.18,,,,,,,,,,,,,,,,,,,,,,,,,,,,,218253466.0,303044109.0,,,,,,,,,,,,,,,,,,,,,,,,,,,,,,,,,,,,,,,,,,,,,,,,,,,,,,,,,,,,,,,,,,,,,,,,,5414313068.3635,3729128743.78231,,,,3753739633.0,,,,,,,,,,,,,,,,,,,,,,,,,,,,,,,8879417886.0,378044109.0,9257461995.0,150873714.0,,,,,,,,,,,,,,,,,,,,500.0,,,,,,,,,,,,,,,
2010,,,,,,45593.0,,,,,,,,,,,,,,,,43389719042.0,261816607.703629,,,,,,,,,,,96.0,,,,,,,,,,,,,,,,,,,,,,,,,,,,,,,,,,,,,,,,,,,,,,,,,,,,,,,,,,,,,,,,,,,,,,,,,,,,,,,,,124028097094.0,,,,,,,,,,,,,,,,,,,,,414569.0,,,1280782.0,1.37327361266235,,,,,470000.0,,,,,,3.01,,,,,,,,,,,,,,,,,12935703826.0,,,,3.700000048,,,,,,,,,,,,,8000.0,,4110000000.0,4000000000.0,,,,110000000.0,,,,,,,,,,,,,,,,,,,,,,,,,,,,,,,,,,,,,,,,1.03,,67923887.0,66290653.0,1.61,,,,,,,,,,,,,,,,,,,,,,,,,,,,,445474119.0,279959626.0,,,,,,,,,,,,,,,,,,,,,,,,,,,,,,,,,,,,,,,,,,,,,,,,,,,,,,,,,,,,,,,,,,,,,,,,,6560284689.38197,3539356450.02662,,,,2348497295.0,,,,,,,,,,,,,,,,,,,,,,,,,,,,,,,16935703826.0,389959626.0,17325663452.0,152201981.0,,,,,,,,,,,,,,,,,,,,3000.0,,,,,,,,,,,,,,,
2011,,,,,,260229.0,,,,,,,,,,,,,,,,3672643978.0,1074239409.70218,,,,,,,,,,,99.0,,,,,,,,,,,,,,,,,,,,,,,,,,,,,,,,,,,,,,,,,,,,,,,,,,,,,,,,,,,,,,,,,,,,,,,,,,,,,,,,,153934819565.0,,,,,,,,,,,,,,,,,,,,,468500.0,,,977700.0,1.04043167780263,,,,,550000.0,,,,,,3.88,,,,,,,,,,,,,,,,,15848652868.0,,,,4.5,,,,,,,,,,,,,11500.0,,5952000000.0,5800000000.0,,,,152000000.0,,,,,,,,,,,,,,,,,,,,,,,,,,,,,,,,,,,,,,,,0.94,,84368700.0,82501957.0,1.33,,,,,,,,,,,,,,,,,,,,,,,,,,,,,648308487.7,290120769.0,,,,,,,,,,,,,,,,,,,,,,,,,,,,,,,,,,,,,,,,,,,,,,,,,,,,,,,,,,,,,,,,,,,,,,,,,8780112642.07227,6696442721.81345,,,,3470336477.0,,,,,,,,,,,,,,,,,,,,,,,,,,,,,,,21648652868.0,442120769.0,22090773637.0,153591076.0,,,,,,,,,,,,,,,,,,,,10000.0,,,,,,,,,,,,,,,
2012,,,,,,308380.0,,,,,,,,,,,,,,,,34767407396.0,765114447.658323,,,,,,,,,,,99.0,1.0,,,,,,,,,,,,,,,,,,,,,,,,,,,,,,,,,,,,,,,,,,,,,,,,,,,,,,,,,,,,,,,,,,,,,,,,,,,,,,,1294038576.0,112175521021.0,,,,,,,,,,,,,,,,,,,,,600461.0,,,961589.0,1.0208332523894,2383156936.0,,,,573988.0,,,,,,4.8,,,,,,,,,,,,,,,,,15724342138.0,,,,5.0,,,,,,,,,,,,,29545.0,,8769093960.0,8584753443.0,,,,184340517.0,,,,,,,,,,,,,,,,,,,,,,,,,,,,,,,,,,,,,,,,1.08,,97180000.0,94863599.0,1.76,,,,,,,,,,,,,,,,,,,,,,,,,,,,,582870950.0,558493386.0,,,,,,,,,,,,,,,,,,,,,,,,,,,,,,,,,,,,,,,,,,,,,,,,,,,,,,,,,,,,,,,,,,,,,,,,,8714827595.35009,8506148253.67594,,,,6882420412.0,,,,,,,,,,,,,,,,,,,,,,,,,,,,,,,24309095581.0,742833903.0,25051929484.0,155070101.0,,,,,,,,,,,,,,,,,,,,12000.0,,,,,,,,,,,,,,,
2013,0.246808073016738,1.91005030394507,0.540183851320828,0.272497859492587,,2970460.0,,,,,,,,,,,,,,,,74600628026.0,1508899432.21131,,,,,,,,22.507728665743,,40.3901561766151,99.0,21.79,,,29.593105941085,41.7212362390272,15.2187938453946,30.2086060712294,,,,,,,,,,4.15145965757086,,1.41724021438297,,,,,,,,,,,0.183686446874484,,,,,,,,,,,,,,,,,16.2994929590599,,,,,,,,,,,,,,,,,,,,,,,,,,,,,,,,,1033375825.0,203833806744.0,,19.2463543339635,,,,,,,,,0.555688994992097,,,,,,,,,,1525325.0,,,1082348.0,1.4646566815316,2992578560.0,,,,596619.0,13.9437413175191,5.33936356019738,,,46.1977607326677,5.6653,,88.1020265765849,,,,,,,,,,,,,,,20463091921.0,5.5583304673224,81.180837987764,,6.63,,,,,,,,,,,1.77759587003943,,68460.0,,5288527786.0,5102604815.0,,,,185922971.0,19.0232008975842,,,,,,,,,,,,,,,,,31.655754951509,,,,,,,0.711824069497797,0.87078200971923,,,,,,,,,,,,,,0.97,,116553076.0,113399466.0,1.07,,,,,,,,,,,,,,,,,,,,,,,,,,,,,745367802.0,558568997.0,,,,,,,,,,,,,,,,,,,,,,,,,,,,,,,,,,,,,,,,,,,,,,,67.813089162961,,10.313849863582,,14.2022817227186,,,,,,,,,,,,,,,,,,,,,,3288111582.51284,2960712564.34452,,,0.312193638470593,9126460506.0,,,,,4.15582450482711,,,,15.6701701378629,2.0,,,,,,,,,,,27.0075039507934,,,,,,,,,,25565696736.0,744491968.0,26310188704.0,156532141.0,,,,,,,,,,,1.72696675180733,,,,,,,,,17759.0,,,,,28.5279889699984,,,,,,,,,,
2014,,,,,,21212739.0,,,,,,,,,,,,,,,,45084701812.0,958379647.595987,,,,,,,,,,,99.0,59.1,,59.0,,,,,,,,,,,,,,,,,,,,,,,,,,,,,,,,,,,,,,,,,,,,,,,,,,,,,,,,,,,,,,,,,,,,,,,,,,,,,917520517.0,244397476738.0,,,,,,,,,,,,,,,,,,,,,3093171.0,1331057.0,,974181.0,1.18394074356763,3148053744.0,,,,607221.0,,,,,,,,,,,,,,,,,,,,,,,37030543776.0,,,,9.052900314,,,,,,,,,,,,,100979.0,,335342572.0,311733112.0,,,,23609460.0,,,,,,,,,,,,,,,,,,,,1323520.0,,,28591.0,,,,,,,,,,,,,,,,0.06,0.89,,126866091.0,123151979.0,1.05,,,,,,,,,,,,,,,,,,,,,,,,,,,,,861660253.0,558958699.0,,,,,,,,,,,,,,,,,,,,,,,,,,,,,,,,,,,,,,,,,,,,,,,,,,,,,,,,,,,,,,,,,,,,,,,,,3270095581.18777,3024449998.90522,,,,13591911469.0,,,,,,,,,,2.0,,,,,,,,,,,,,,,,,,,,,35498735812.0,745595105.0,36244330917.0,157964929.0,,,,,,,,,,,,,,,,,,,,20729.0,,,,,,,,,,,,,,,
2015,,,,,,25189038.0,,,,,,,,,,,,,,,,15853974816.0,1487737685.24656,,,,,,,,,,,99.4,71.0,,65.0,,,,,,,,,,,,,,,,,,,,,,,,,,,,,,,,,,,,,,,,,,,,,,,,,,,,,,,,,,,,,,,,,,,,,,,,,,,,,2362576190.0,225855524143.0,,,,,,,,,,,,,,,,,,,,,4892940.0,1750000.0,,864263.0,1.03792310417505,1446582860.0,,,,628886.0,,,,,,,,,,,,,,,,,,,,,,,41780922299.0,,,,12.36880016,,,,,,,,,,,,,201806.0,,112104830.0,95203651.0,,,,16901179.0,,,,,,,,,,,,,,,,,,,,1333760.0,,,29691.0,,,,,,,,,,,,,,,,0.13,0.81,,131375724.0,127996927.0,1.02,,,,,,,,,,,,,,,,,,,,,,,,,,,,,913351828.0,558960931.0,,,,,,,,,,,,,,,,,,,,,,,,,,,,,,,,,,,,,,,,,,,,,,,,,,,,,,,,,,,,,,,,,,,,,,,,,3564407564.30961,2994521496.59109,,,,17057993976.0,,,,,,,,,,2.0,,,,,,,,,,,,,,,,,,,,,37413313328.0,745695525.0,38159008853.0,159383179.0,,,,,,,,,,,,,,,,,,,,53617.0,,,,,,,,,,,,,,,
2016,,,,,,44110894.0,,,,,,,,,,,,,,,,47131786338.0,1341791216.27925,,,,,,,,,,,99.47,91.4,,65.0,,,,,,,,,,,,,,,,,,,,,,,,,,,,,,,,,,,,,,,,,,,,,,,,,,,,,,,,,,,,,,,,,,,,,,,,,,,,,468088542.0,258747782455.0,,,,,,,,,,,,,,,,,,,,,6592396.0,2425850.0,,766183.0,0.909512923634002,1938082088.0,,,,630221.0,,,,,,,,,,,,,,,,,,,,,,,24919904149.0,,,,16.89909935,,,,,,,,,,,,,348500.0,,109335090.0,98823241.0,,,,10511849.0,,,,,,,,,,,,,,,,,,,,1515520.0,,,30500.0,,,,,,,,,,,,,,,,0.32,0.91,,135981846.0,132472058.0,1.66,,,,,,,,,,,,,,,,,,,,,,,,,,,,,802242067.0,557351757.0,,,,,,,,,,,,,,,,,,,,,,,,,,,,,,,,,,,,,,,,,,,,,,,,,,,,,,,,,,,,,,,,,,,,,,,,,3671640724.77953,2816192563.26146,,,,16464706247.0,,,,,,,,,,2.0,,,,,,,,,,,,,,,,,,,,,25274640672.0,613693108.0,25888333780.0,160811932.0,,,,,,,,,,,,,,,,,,,,64818.0,,,,,,,,,,,,,,,
2017,,,,,,50581107.0,,,,,,,,,,,,,,,,49122866923.0,1367414003.42948,,,,,,,,,,,99.47,92.79,,67.0,,,,,,,,,,,,,,,,,,,,,,,,,,,,,,,,,,,,,,,,,,,,,,,,,,,,,,,,,,,,,,,,,,,,,,,,,,,,,498075542.0,288293005336.0,,,,,,,,,,,,,,,,,,,,,7300500.0,4337730.0,,707568.0,0.830430624577893,2238091314.0,,,,660580.0,,,,,,2.66385496183206,,,,,,,,,,,,,,,,,15545213584.0,,,,21.5,,,,,,,,,,,,,577162.0,,110613488.0,99382541.0,,,,11230947.0,,,,,,,,,,,,,,,,,,,,9781721.0,,,47312.0,,,,,,,,,,,,,,,,0.41,0.8,,150945000.0,147051642.0,1.9,,,,,,,,,,,,,,,,,,,,,,,,,,,,,801201068.0,553524248.0,,,,,,,,,,,,,,,,,,,,,,,,,,,,,,,,,,,,,,,,,,,,,,,,,,,,,,,,,,,,,,,,,,,,,,,,,3788366635.88205,3390542444.14727,,,,12963117680.0,,,,,,,,,,2.0,,,,,,,,,,,,,,,,,,,,,20386970815.0,389827271.0,20776798086.0,162186147.0,,,,,,,,,,,,,,,,,,,,68132.0,,,,,,,,,,,,,,,
2018,,,,,,66607954.0,,,,,,,,,,,,,,,,51432768899.0,1409463098.36232,,,,,,,,,,,99.6,95.23,,79.0,,,,,,,,,,,,,,,,,,,,,,,,,,,,,,,,,,,,,,,,,,,,,,,,,,,,,,,,,,,,,,,,,,,,,,,,,,,,,5000750.0,288299542488.0,,,,,,,,,,,,,,,,,,,4.13,1.3,8052889.0,4560780.0,,1449646.0,1.68353270888959,2441071212.0,,,,580632.0,,,,,,5.7,,,,,,,,,,,,,,,,,12166897478.0,,,,25.56509972,,,,,,,,,,,,,1370112.0,,23683842.0,21394305.0,,,,2289537.0,,,,,,,,,,,,,,,,,,,,1536000.0,,,51017.0,,,,,,,,,,,,,,,,1.15,0.65,486203.0,161771617.0,153760474.0,0.95,,,,,,,,,,,,,,,,,,,,,,,,,,,,,801802017.0,146708883.0,,,,,,,,,,,,,,,,,,,,,,,,,,,,,,,,,,,,,,,,,,,,,,,,,,,,,,,,,,,,,,,,,,,,,,,,,3789707011.93291,3290274025.67316,,,,13407253964.0,,,,,,,,,,,,,,,,,,,,,,,,,,,,,,,12188291783.0,,,163523103.0,,,,,,,,,,,,,,,,,,,,,,,,,,,,,,,,,,,
2019,,,,,,86066000.0,,,,,,,,,,,,,,129.0,785.0,,679068549.639241,,,,,,,,,,,99.6,95.4,,82.0,,,,,,,,,,,,,,,,,,,,,,,,,,,,,,,,,,,,,,,,,,,,,,,,,,,,,,,,,,,,,,,,,,,,,,,,,,,,,419770670.0,362852000000.0,,,,,,,,,,,,,,,,,,,4.13,7.167876364,8085500.0,4850680.0,,1449646.0,1.66629477630524,861161688.0,,,,560500.0,,,,,50.6,5.6,,95.9,,,,,,,,,,,,,,,4174295862.0,,,,30.38310051,,,,,,,,,,,,,1550000.0,,12599899.0,9220960.0,,,,3378939.0,,,,,,,,,,,,,,,,,,,,2750000.0,,,57329.0,,,,,,,,,,,,,,,,1.5,0.55,853603.0,165572000.0,156409347.0,0.77,,,,,,,,,,,,,,,,,,,,,,,,,,,,,124721912.37,47379781.0,,,,,,,,,,,,,,,,,,,,,,,,,,,,,,,,,,,,,,,,,,,,,,,,,,,,,,,,,,,,,,,,,,,,,,,,,4626146878.5035,3084097919.00628,,,,45415000000.0,,,,,,,,,,1.0,,,,,,,,,,,,,25000.0,,,,,,,,4183516822.0,50758720.0,4234275542.0,164913055.0,,,,,,,,,,,,,,,,,,,,,,,,,,,,,,,,,,,
2020,,,,,,97314834.0,,,,,,,,,,,,,,157.0,785.0,,1103469474.94184,,,,,,,,,,,99.62,97.8,,97.8,,,,,,20663580.2,2504704.46,5238077.46,5436728.0,,,,,,,,,,,,,,,,,,,,,,,,,,,,,,,,,,,,,,,,,,,,,,,,,,,,,,,,,,,,,,,,,,,,47069761.0,374338000000.0,,,,,,,,,,5.0,,,,,,,,,4.12,9.6,10052819.0,5021320.0,,1390048.0,1.58184761346638,933439510.0,,,,595700.0,,,,,,,,,,,,,,,,,,,,,,,8033000000.0,,,,36.10910034,74.88159943,,,,,,,,,,,,2465030.0,,31023051.0,26000000.0,,,,5023051.0,,,,,,,,,,,,,,,,,,,,2710360.0,,,332703.0,,,,,,,,,,,,,,,,3.57,0.57,359254.0,176279465.0,165796308.0,0.72,,,,,,,,,,,,,,,,,,,,,,,,,,,,,127325759.0,54750000.0,,,,6.0,,,,,,,,,,,,,,,,,,,,,,,,,,,,,,,,,,,,,,,,,,,,,,,,,,,,,,,,,,,,,,,,,,,,,4715843491.43169,3143895660.95446,,,,30448000000.0,,,,,,,,,,3.0,,,,,,,,,,,,,,,,,,,,,8059000000.0,59773051.0,8118773051.0,166298024.0,,,,,,,,,,,,,,,,,,,,,,,,,,,,,,,,,,,
2021,13.1501557246735,51.8790855149488,33.726692473247,2.58833592171803,12.5238738938385,92659515.0,,,,,,,,,,,,,,347.0,1030.0,17935039098.87,295109828.001408,,,,,,,,25.9374254847815,6.41599516975086,73.3993570496682,99.63,98.2,0.0,98.2,68.1764130381162,24.8795196624796,16.8938201016021,33.5866140847492,,36648803.0,3261142.68,5789351.65,33323745.0,,1.34219939122132,,,,13.203604210348,1.82697566041182,5.84781830324401,22.1239589239595,42.8632756354056,89.0484101509547,0.0742349144100442,13.5522001755741,4.95894520519927,,1.00140780844696,1.99320567887324,,54.6394272314059,,,3.57211201449891,6.26198906822116,,,,,1.92914736134606,0.508437022736746,0.501535122989673,0.131035956117533,,,4.24033199426179,1.74351799669149,,,,1.20527183388729,,9.70037657123859,49.0455249368659,35.5693928881708,,,,1.04582131868086,0.11235312780118,,0.26547747794106,,,,,0.0273972834716907,,3.61386567067974,2.51950336517558,12.698303444079,1.46036459883218,,,78.2227091735529,64.2617434412538,,2.58021968459593,,54090035.0,377887935131.0,4.97544279438483,9.32080735726191,,,,,,,15.1328400208721,1.92,27.978692596792,,0.0334785780761204,,22.0441439014642,,,,3.390132631,11.49,11136681.0,5067190.0,,291438.0,0.328431831830451,1106823369.0,2.66344875815137,,,597700.0,7.82444666220569,27.7018727200031,7.18304037890903,0.303731054297541,61.9504629185347,8.66793436998795,12.7682719911573,97.4000179015727,,,,,,,,,,,,0.0240749097820915,,,8108747085.0,7.44120392792545,89.9332108527819,,38.91744466,61.79922566,,,,,,,,,,1.83512097441938,,3746989.0,,,,,,,,,,8.04598004120939,8.34788074627712,,,3.66038524101966,,,,6.85958537758213,1.2183413614793,2.93024294567052,,,,,6.94406729940424,,4814705.0,,13.2453947854159,272327.0,,32.959206159507,37.4953690530493,,,,0.0607450609719921,,,,,,0.533088825865223,,,5.83,0.44,79619.0,184444949.0,179067128.0,0.65,0.0125976810107283,,0.0022119302665779,,,,0.307049942815653,9.29588853245241,31.3847571648691,,,,,,,,,,0.097536142737678,0.0238240091076473,,,,0.0237834554287428,,1.43259352611911,,,138089220.0,62994009.0,,,,5.0,45.0,11.336635145649,32.4141218811889,,0.0209134261047391,0.686619021371254,,20.7850963477671,0.020579526472707,,,,,,,,,,,,,,,,,,,,,,,,,,,,,,1.19555499682459,2.70154280796896,,,98.8563657681538,,,,58.7302813094952,,,,,,,,,,,,,,,,,,,,,,4849317697.90989,3264220128.65069,,,24.3287132531444,4469768208.0,,,,3.04943200024348,13.5584874945346,,,32.6975956530844,46.3119186942813,0.5,,,6.03971163224529,,,,,,,,43.7321229949423,2250.0,,1.99145826196952,0.297508261247763,,5.29129684051384,,0.837786513204832,,8475051340.0,71534021.0,8546585361.0,167658854.0,,,7.81828130230508,1.2051792952076,5.5766787630638,,,,,3.02123407046879,58.1541975668018,14.2163122141486,33.7818650369486,3.31951278726513,0.271078881914823,2.4550003499379,,,5.47809974484406,84092.0,,,,,15.7057302538398,,,,,,,,,,0.558572854154739
2022,,,,,,95727965.0,,,,,,,,,,,,,,347.0,1030.0,,,,,,,,,,,,,99.63,98.5,0.0,98.5,,,,,,36648803.0,3261142.68,5789351.65,33323745.0,,,,,,,,,,,,,,,,,,,,,,,,,,,,,,,,,,,,,,,,,,,,,,,,,,,,,,,,,,,,,,,,,,,,,,,,,,,,,,,1.2,,,,,,,,,3.249234028,14.52,12145244.0,3643573.0,0.0,288333.0,40.0,,,,,685700.0,,,,,,,,,,,,,,,,,,,,,,,,,,,41.61650085,76.79049683,,,,,,,,,,,,4865440.0,,,,,,,,,,,,,,,,,,,,,,,,,,,5805000.0,,,,,,,,,,,,,,,,,,,7.53,0.44,44300.0,186097327.0,174894280.0,0.65,,,,,,,,,,9.0,2849.0,,,,,,,,,,,,,,,,,,,,,,,4.0,45.0,,,,,,,,,,,,,,,,,,,,,,,,,,,,,,,,,,,,,,,,,,,,,,,,,,,,,,,,,,,,,,,,,,,,4520659933.8675,3079171624.63549,,,,,,,,,,,,,,,,,,,,,,,,,,,,,,,,,,,7315881295.0,62353045.0,7378234340.0,169384897.0,,,,,,,,,,,,,,,,,,,,98288.0,,,,,,,,,,,,,,,
2023,12.4171745630213,57.3429109277119,36.3517593970604,3.017373242252,5.13729760517264,106314908.0,,,,,,,,,,,,,,503.0,1501.0,7769104509290.0,,,,,,,,,30.2037235483191,4.52207576514305,76.6871248360806,99.64,98.93,0.0,98.93,70.9828317039389,22.1036965047443,19.2434912882705,27.9052867431657,,47936541.0,9347540.0,6263783.0,39816842.0,,,,,41.9493985365079,14.8290408330607,1.88938750814853,3.43004611275378,26.1397279728559,41.1742079418494,80.9135488194557,,6.33774996937496,4.78157946545301,,0.186114765633082,0.4948595987498,,49.9154853457956,,,,4.9717855036195,,,,,,,,,,,3.23853372103839,1.47824591683738,,,,,,35.4225486627686,39.8106736071763,30.9576345893396,,,,1.11724303551837,,,4.33505160445838,,,,2.8,,,,2.63588156820768,15.0474651505908,1.29409868208624,,,38.2137227570273,65.0478350741107,,2.2715808925523,,,,5.4956852406735,11.4469776314962,,,,,,,14.2432015666161,1.44,29.5654102228893,,,,20.2014295956418,,,,2.75,15.99,13532961.0,3853240.0,,296327.0,40.0,,,,,683843.0,51.198513668727,6.23569057242272,9.61926361429948,,62.1518436300441,8.92380128164499,13.1288242199785,97.9172625364331,,,,,,,,,,,,,,,,7.94333381221605,90.5031627748307,28.8675780119764,44.50274195,63.75709516,29.5312454719292,,,,,,,,,0.652533427483969,,6296088.0,,,,,,,,3.61929038664286,,7.01380972949132,5.03874353161,,,1.23323096954594,,,,2.88892514004429,0.708026768624874,3.13976713194567,,,,,6.91347323487262,12.7075136763201,11299777.0,,40.4955966783549,294436.0,17.3660271204298,34.0664673749655,41.4163448888797,,,,,,,,,,,,,9.46,0.25,48124.0,190810000.0,189989266.0,0.82,,,,,,,0.154054020497066,11.2335917189366,33.9445556087774,,,0.0,197.0,,,,,,,,,,,,,1.82962121154189,,,,,,,,4.0,62.06,26.7980216818043,33.4514370364938,,,,,21.1021263336976,,,,,,,,,,,,,,,,,,,,,,,,,,,,,,,2.14520291439331,3.26469869243818,,,,,8.20215573120679,,24.9652990832583,,,,,,,,,,,,,,,,,,,,,,3113621846.67821,2395093728.2169,,,28.4218138274844,9635339719.0,,,,5.08583466787387,17.8977334816577,,0.591564847140574,35.4982241241651,49.1277299481218,,,,7.99410184722064,,,,,,,,18.7004934333656,212218.0,,2.1676851120627,1.62127699872092,,1.83679349383855,,,,5740043949.0,51057415.0,5791101364.0,171466990.0,,,5.80226295564104,,3.99917669775845,,,,,0.115153891856824,56.5534783633251,13.7235417807675,35.7079594643843,23.3799485418542,8.14414499675243,7.32648177468906,,,7.03924894093052,122218.0,,4.84477978310458,,,20.0696873688259,,,,,,,,,,0.459810280342713
2024,0.4674059831055902,2.9819641837655086,1.723081698150584,0.1621949110460622,5.430431476291258,98002085.0,,,,,,,,,,,,,,503.0,1501.0,7773093181290.0,,,,,,,,,22.657731083943773,15.650706662585137,87.04304698530457,99.72,99.72,0.0,99.64,72.42353995467352,19.825891330194967,4.882843350224293,21.165685918808308,,49074089.0,10433266.0,1396881.0,40386195.0,,,,,,25.73989423435286,7.00893243719409,3.242439147233101,33.53050398083763,53.71801121231414,78.32221860722478,0.3455949470659514,6.488125117662633,10.65999182224609,0.3667534447850047,0.1643367028030698,10.558484561979188,0.0,49.00239266314128,,,,0.5886787948041506,,,,,,,,,,,1.0451207138828715,,,,,,,17.61212058607456,46.19035390096906,49.57022171338072,,,,1.032717802464805,,,7.100835107699295,,,,1.48,,,,3.208602417040222,9.936619989582422,1.3702234296018456,,,49.96639058688621,70.46662603390322,,2.501083504823451,,,,5.361935965298752,,,,,,,,4.612032018616637,1.44,0.9078226077910488,,,,1.5761779987059743,,,,2.51,16.1,14040000.0,3997188.0,,284748.0,38.0,,,,,710248.0,22.96383939428101,6.491135389448742,39.77604731709969,,59.64751645524078,,15.203265738438596,,,,,,,,,,,,,,,,,11.316695155676808,88.21933372092884,45.26911105789449,53.42171316,64.35816027,33.53177602303239,,,,,,,,,1.1086428682554508,,,,,,,,,,22.5816398226069,,11.86523814364324,5.00712649990724,,,6.5585629888897525,,,,,2.0817793046718114,3.240655695021708,,,,,7.7502216421069425,7.393249086031921,12236285.0,,4.15247000067405,572111.0,5.42715822915548,43.08669346813145,2.499312529628971,,,,,,,,,,,,,14.5,0.3,50036.0,187581061.0,181032245.0,1.05,,,,,,,0.0033990739465076,9.312348822214393,,,,,197.0,,,,,,,,,,,,,0.9980193655682998,,,,,,,,4.0,49.8,4.6978945733134765,30.766156763473507,,,,,,,,,,,,,,,,,,,,,,,,,,,,,,,,,,,,,13.740645622081749,,,,,1.701475450285347,,22.908374612004188,,,,,,,,,,,,,,,,,,,,,,2816979148.76805,2156010242.27316,,,1.3355282765828067,8910330713.0,,,,,12.66046514356388,,5.274336108908853,1.6953425895448708,12.314576242832077,,,,0.149238131139262,,,,,,,,64.79998305749217,284748.0,,4.86743704361491,0.6141998398034458,,,,,,,,,173562364.0,,,,,,,,,,9.625635264747029,2.512493084048165,1.7983750301624015,2.3724218741617253,9.972335014385928,2.304993368804665,12.114025163013933,,,0.9965163917884756,122152.0,,11.284597256341568,,,0.117432219665832,,,,,,,,,,0.6971876631018094
2025,,,,,,,,,,,,,,,,,,,,,,,,,,,,,,,,,,,,,,,,,,,,,,,,,,,,,,,,,,,,,,,,,,,,,,,,,,,,,,,,,,,,,,,,,,,,,,,,,,,,1.72,,,,,,,,,,,,,,,,,,,,,,,,,,,,,,,,,,2.37,,,,,,,,,,,,,,,,,,,,,,,,,,,,,,,,,,,,,,,,,,,,,,,,,,,,,,,,,,,,,,,,,,,,,,,,,,,,,,,,,,,,,,,,,,,,1.3,2.49,,,,,,,,,,,,,,,,,,,,,,,,,,,,,,,,,,,,,,,,,,,,,,,,,,,,,,,,,,,,,,,,,,,,,,,,,,,,,,,,,,,,,,,,,,,,,,,,,,,,,,,,,,,,,,,,,,,,,,,,,,,,,,,,,,,,,,,,,,,,,,,,,,,,,,,175686899.0,,,,,,,,,,,,,,,,,,,,,,,,,,,,,,,,,,,
