seriesName,series_code,units,first_year,last_year,n_years,last_value,has_2024
Urban,HHU781e_HHCUrbanUsers,%,2013,2024,374,15.610947465779663,True
Rural,HHU781e_HHCRuralUsers,%,2013,2024,374,10.501457597477115,True
25 to 74 years,HHU781e_HHC25to74,%,2013,2024,288,14.89465281704848,True
Female,HHU781e_HHCFemale,%,2013,2024,288,8.343046053332376,True
Male,HHU781e_HHCMale,%,2013,2024,288,15.861665610765977,True
15 to 24 years,HHU781e_HHC15to24,%,2013,2024,288,16.22183747640926,True
14 years and younger,HHU781e_HHCLess15,%,2013,2024,278,0.6199603749722846,True
75 years and older,HHU781e_HHCMore74,%,2013,2024,270,1.0825046075749292,True
International bandwidth usage,i4214,Mbit/s,2000,2023,80,32645.7864760791,False
Fixed-telephone subscriptions,i112,count,2000,2024,68,0.400913483740891,True
Full-time equivalent telecommunication employees ,i51,count,2000,2024,52,2494.30373523256,True
Mobile-cellular subscriptions,i271,count,2000,2024,50,108.077037369691,True
Revenue from all telecommunication services,i75$,USD,2000,2024,49,3966.19089215041,True
Annual investment in telecommunication services,i81$,USD,2000,2021,47,6.08559484829388,False
Fixed-broadband subscriptions,i4213tfbb,per 100 people,2007,2024,36,8.08931134401926,True
Active mobile-broadband subscriptions,i271mw,count,2009,2024,32,56.46505540798,True
SMS sent,i133sms,count,2009,2024,30,47.5012278185163,True
Fixed-telephone subscriptions that are residential ,i1111c,%,2009,2024,29,38.0,True
Total population,i61,,2000,2025,26,175686899.0,True
Individuals using the Internet,i99H,%,2000,2024,25,53.42171316,True
Fixed-broadband Internet 5GB,i154_FBB5$,% GNI per capita,2018,2025,24,8.71,True
Mobile-broadband Internet traffic (within the country),i136mwi,exabytes,2014,2024,22,147.956035833319,True
At least 2G,i271pop,%,2001,2024,22,99.72,True
Mobile-cellular subscriptions: Prepaid,i271p,count,2000,2024,22,181032245.0,True
Revenue from mobile networks,i741$,USD,2000,2024,21,2156010242.27316,True
Information on licensing agreements,trLicAgreement_AreMadePublic,,2003,2022,20,,False
International incoming and outgoing fixed-telephone traffic,i132mb,minutes,2000,2020,19,31023051.0,False
International outgoing fixed-telephone traffic,i132m,minutes,2000,2020,19,5023051.0,False
International incoming fixed-telephone traffic,i132mi,minutes,2000,2020,19,26000000.0,False
Households with a computer,xHH4_IDI,%,2002,2023,17,8.92380128164499,False
Responsibility for consumer education,trRARespForConEduc,,2003,2022,16,,False
Mobile-cellular unsuccessful call ratio,i146u,%,2009,2024,16,1.05,True
Mobile-cellular dropped call ratio,i146d,%,2009,2024,16,0.3,True
Regulatory framework for dispute resolution,trRegFrameForDisputes,,2003,2022,16,,False
Responsibility for providing comparable tariff information,trRARespForTarriffInfo,,2003,2022,16,,False
Responsibility for handling consumer complaints,trRARespForConCompl,,2003,2022,16,,False
Areas covered,trCybersecurity_Legislation_Area,,2012,2022,16,,False
Total international incoming telephone traffic,i132ti,minutes,2009,2023,15,5740043949.0,False
Number portability required from fixed operators,trNumberPortabilityFixed,,2005,2022,14,,False
Fixed-broadband Internet traffic,i135tfb,exabytes,2018,2024,14,1146.72364672365,True
Total international telephone traffic,i132tb,minutes,2009,2023,14,5791101364.0,False
Number portability required from mobile operators,trNumberPortabilityMobile,,2005,2022,14,,False
Total international outgoing telephone traffic,i132t,minutes,2009,2023,14,51057415.0,False
Autonomy in decision-making,trRAAuton,,2003,2018,13,,False
Annual foreign investment in telecommunications,i841f,LCU,2009,2024,13,7773093181290.0,True
At least 3G,i271G,%,2012,2024,13,99.72,True
Incoming international traffic to mobile network,i1335wm,minutes,2009,2021,13,8108747085.0,False
Outgoing mobile traffic to international,i1333wm,minutes,2009,2021,13,62994009.0,False
Domestic mobile-telephone traffic,i133wm,minutes,2009,2021,13,377887935131.0,False
Outgoing mobile traffic to fixed networks,i1332wmf,minutes,2009,2021,13,138089220.0,False
VoIP subscriptions,i112IP,count,2009,2024,13,122152.0,True
At least LTE/WiMAX,i271GA,%,2014,2024,11,99.64,True
Lit/equipped international bandwidth capacity,i4214l,Mbit/s,2014,2024,11,12236285.0,True
Fixed-broadband subscriptions for organizations,i4213tfb_o,count,2014,2024,11,3997188.0,True
M2M mobile-network subscriptions,i271m2m,count,2014,2024,10,572111.0,True
Domestic fixed-to-fixed telephone traffic,i131m,minutes,2012,2021,10,54090035.0,False
ICT consumer protection legislation,trTelecomConsumProtExists,,2003,2022,10,,False
Fixed-to-mobile telephone traffic,i1313wm,minutes,2012,2021,10,1106823369.0,False
Financing mechanisms for universal access,trOthFinanceMech,,2003,2022,10,,False
Operators under obligation to provide UAS,trUS_Obligation,,2003,2022,10,,False
Responsibility for supporting consumer representation,trRARespForConRep,,2003,2022,10,,False
Dispute resolutions decisions published,trDisputeDecisionsOnWebsite,,2003,2022,10,,False
Who appoints the members and the Head?,trRA_WhoAppointsMembers,,2003,2022,10,,False
Means of financing operator’s UAS obligations,trUS_Financing,,2003,2022,10,,False
Wireless Local Loop,trLocalLoop_Competion,,2003,2022,9,,False
DSL,trXDSL_Competion,,2003,2022,9,,False
Information on spectrum publicly available,trSpectrumInfoPublic,,2004,2022,9,,False
VSAT,trVSAT_Competion,,2003,2022,9,,False
Households with telephone (fixed or mobile),xHH3,%,2000,2023,9,97.9172625364331,False
Responsibility for ensuring consumer participation in the work of regulator,trRARespForConParticip,,2003,2022,9,,False
International fixed long distance,trIntLong_Competion,,2003,2022,9,,False
Internet services,trISP_Competion,,2003,2022,9,,False
Mobile,trMobileDigit_Competion,,2003,2022,9,,False
Data-only mobile broadband basket 5 GB,i271mb_5GB$,% GNI per capita,2023,2025,9,6.34,True
Countries having defined UAS,trDefinition,,2003,2022,9,,False
Domestic fixed long distance,trDomLong_Competion,,2003,2022,9,,False
Local fixed line services,trLocalServices_Competion,,2003,2022,9,,False
"Reading or downloading newspapers, magazines or books",HHU4212adn_HHTotalIndividual,%,2013,2024,8,12.238046175841554,True
Seeking health information,HHU4212ash_HHTotalIndividual,%,2013,2024,8,6.763437374268259,True
By fixed narrowband network,HHA4213d_HHTotalHousehold,%,2013,2024,8,7.00893243719409,True
Making calls using VoIP or messaging app,HHU4212acv_HHTotalIndividual_pop,%,2013,2024,8,80.65389691934828,True
Countries with an operational Universal Service Fund (USF),trUSF_IsOperational,,2005,2022,8,,False
Service activation time for fixed-broadband service,i147t,days,2013,2021,8,0.5,False
Information on licensing process,trInfoLicensingProcessPubliclyAvailable,,2018,2022,8,,False
International Gateways,trIntGate_Competion,,2004,2022,8,,False
Fixed satellite services (FSS),trFixedSat_Competion,,2003,2022,8,,False
Getting information about goods or services,HHU4212agg_HHTotalIndividual,%,2013,2024,8,12.267676412736714,True
ICT regulator have a cybersecurity mandate,trCybersecurity_RegulatorResponsible,,2012,2022,7,,False
Types of operating licenses/authorizations provided,trTypeOfLicence,,2012,2022,7,,False
Universal Access/Service (UAS) policy,trUSAdopted,,2012,2022,7,,False
What is the normal period of appointment for the members and the Head of the Regulatory Authority?,trNormalPeriodOfAppointment,,2012,2022,7,,False
Advanced retail services,tpCost_Methodolgy_Adv_R,,2012,2022,7,,False
Concept of dominance/SMP,trConceptDominance_IsDefined,,2012,2022,7,,False
Services subject to QoS monitoring,trQOS_MonitoringRequired_Yes_Services,,2012,2022,7,,False
Quality of service monitoring required,trQOS_MonitoringRequired,,2012,2022,7,,False
Regulatory framework for e-Applications,trPolicyToEApplications,,2012,2022,7,,False
Status of the main fixed-line operator/incumbent 100% state-owned,trStateOperator_IncumbentIsState_owned,,2012,2022,7,,False
Mobile-cellular numbers ported ,i271pt,count,2018,2024,7,50036.0,True
Legal limit of the number of licences,trLegalLimitOfLicences,,2012,2022,7,,False
Is the term of Head/Commissioners renewable?,trNormalPeriodOfAppointmentRenewable,,2012,2022,7,,False
Cybersecurity legislation/regulation exist,trCybersecurity_Legislation,,2012,2022,7,,False
Criteria used in determining SMP,trConceptDominance_CriteriaUsed,,2012,2022,7,,False
Definition of competition,trRelationWCompAuthDefined,,2012,2022,7,,False
Dispute resolution mechanisms,trDispMech,,2005,2022,7,,False
Ex ante obligations imposed on SMP operators,trConceptDominance_ObligationsExAnte,,2012,2022,7,,False
Existing regulations,trRegulationOnTraffic,,2012,2022,7,,False
Voice services part of UAS definition,trUS_VoiceServices,,2003,2022,7,,False
Uploading self/user-created content to a website to be shared,HHU4212auc_HHTotalIndividual,%,2021,2024,6,5.142179261380477,True
Traditional retail services,tpCost_Modelling_Approch_Trad_R,,2012,2022,6,,False
Data services part of UAS definition,trUS_DataServices,,2003,2022,6,,False
Purchasing or ordering goods or services,HHU4212ap_HHTotalIndividual,%,2013,2024,6,0.9089573346134118,True
Participating in social networks,HHU4212asn_HHTotalIndividual_pop,%,2021,2024,6,57.59110844839016,True
Privacy or security concerns,HHA4213bp_HHTotalHousehold,%,2021,2024,6,4.388052108907951,True
Other reason,HHA4213bo_HHTotalHousehold,%,2021,2024,6,0.8708644173443276,True
By mobile broadband network via a card or USB modem,HHA4213mbu_HHTotalHousehold,%,2021,2024,6,3.242439147233101,True
Regionally harmonized frequency allocation,trIfTablePartOfRHFA,,2013,2022,6,,False
Taking part in online consultations or voting to define civic or political issues,HHU4212apv_HHTotalIndividual_pop,%,2021,2024,6,1.1497194743900978,True
Tablet,HHU422t_HHTotalIndividual,%,2021,2024,6,4.10619804506313,True
Broader regulatory incentives for telecom/ICT operators,trRegulatoryIncentives,,2020,2022,6,,False
Restriction to foreign participation or ownership in the ICT sector,trPS_MaxForeignNone,,2012,2022,6,,False
Cable modem,trCableData_Competion,,2012,2022,6,,False
Cable Television,trCableTV_Competion,,2012,2022,6,,False
By fixed (wired) broadband,HHA4213fb_HHTotalHousehold,%,2021,2024,6,25.73989423435286,True
Mobile satellite services (MSS),trMobileSat_Competion,,2012,2022,6,,False
National Table of Frequency Allocations,trNTableFrequencyAlloc,,2013,2022,6,,False
By mobile broadband network via a handset,HHA4213mbh_HHTotalHousehold,%,2021,2024,6,33.53050398083763,True
Desktop computer,HHU422d_HHTotalIndividual,%,2021,2024,6,2.6720287273595424,True
Cultural reasons,HHA4213br_HHTotalHousehold,%,2021,2024,6,3.645655793660869,True
Laptop computer,HHU422l_HHTotalIndividual,%,2021,2024,6,3.4358127396940694,True
Leased Lines,trLeasedLines_Competion,,2012,2022,6,,False
Fixed Wireless Broadband,trFixWirelessBBand_Competion,,2012,2022,6,,False
Doing an online course,HHU4212aoc_HHTotalIndividual,%,2021,2024,6,1.3361216559478633,True
Internet service is not available in the area,HHA4213ba_HHTotalHousehold,%,2021,2024,6,2.331513844940796,True
Internet banking,HHU4212ab_HHTotalIndividual,%,2013,2024,6,12.063498853841566,True
Frequency Table public,trFrequencyTablePublic,,2013,2022,6,,False
"Using software run over the Internet for editing text documents, spreadsheets or presentations",HHU4212ase_HHTotalIndividual,%,2021,2024,6,1.2313669459403076,True
"Amount of spectrum licensed for IMT systems, in MHz",i271_spec_li,MHz,2019,2024,6,503.0,True
"Amount of spectrum offered for IMT systems, in MHz",i271_spec_a,MHz,2019,2024,6,1501.0,True
Households with a TV,HHA965_HHTotalHousehold,%,2013,2024,5,59.64751645524078,True
BSS (Satellite TV),trSatelliteTV,,2013,2022,5,,False
Individuals who own a mobile cellular telephone,xHH18_IDI,%,2020,2024,5,64.35816027,True
Average Download Throughput for Fixed Broadband,i147dl,bits,2020,2024,5,49074089.0,True
Average Download Throughput for Mobile Broadband,i146mwdl,bits,2020,2024,5,10433266.0,True
Average upload Throughput for Fixed Broadband,i147ul,bits,2020,2024,5,40386195.0,True
Average Upload Throughput for Mobile Broadband,i146mwul,bits,2020,2024,5,1396881.0,True
Minimum capital requirement to obtain a licence,trMinimumCapitalRequirement,,2015,2022,5,,False
"National development strategy, digital agenda or digital stimulus strategy incl. broadband",trBP_NationalDevelopmentStrategy,,2015,2022,5,,False
Mobile services,tpOperatorsChargeVoiceServicesRetail_Mobile,,2012,2022,5,,False
Mobile Broadband,trMobileBroadband,,2015,2022,5,,False
Do not need the Internet,HHA4213bn_HHTotalHousehold,%,2021,2024,5,67.3728506488243,True
Review of competition frameworks,trRA_LawToAssessMarkets,,2015,2022,5,,False
Existing Over-the-top (OTT) regulations,trRegulationOTTs,,2015,2022,5,,False
Fault Resolution Period for Fixed Broadband Service,i147f,hours,2020,2024,5,1.44,True
Fixed services,tpOperatorsChargeVoiceServicesRetail_Fixed,,2012,2022,5,,False
Advanced wholesale services,tpCost_Methodolgy_Adv_W,,2012,2022,5,,False
Provisions for foreign suppliers/licensees,trRequirementsForeignLicensees,,2015,2022,5,,False
Timeframe for resolving disputes,trDR_ResolveDisputesWithinTimeframe,,2015,2022,5,,False
Packet Latency for Fixed Broadband,i147l,milliseconds,2020,2024,5,4.0,True
Legal act that addresses foreign participation and ownership in ICTs,trLawRegulationAffectingForeignOwenship,,2015,2022,5,,False
Other services part of UAS definition,trUS_OtherServices,,2004,2022,5,,False
Individuals using a mobile cellular telephone,HHU271_HHTotalIndividual,%,2013,2024,4,88.21933372092884,True
At another persons home,HHU4212ah_HHTotalIndividual,%,2013,2024,4,22.657731083943773,True
"While commuting, in transport or walking",HHU4212mob_HHTotalIndividual,%,2013,2024,4,0.117432219665832,True
Spectrum agency,trIsSeparateSpectrumAgency,,2018,2022,4,,False
"Streaming, playing or downloading games, images, movies, videos or music",HHU4212amg_HHTotalIndividual,%,2013,2024,4,64.79998305749217,True
Getting information from general government organizations,HHU4212agv_HHTotalIndividual,%,2013,2024,4,6.491135389448742,True
Steps used to optimize costs of international connectivity,tpInterInternetConn_StepsOptimize,,2012,2022,4,,False
Who has the power to remove the Head/ Commissioners?,trPowerToRemoveHead,,2018,2022,4,,False
At least once a week but not every day,HHU4212fw_HHTotalIndividual,%,2013,2024,4,19.825891330194967,True
At place of education,HHU4212e_HHTotalIndividual,%,2013,2024,4,4.882843350224293,True
Packet Latency for Mobile Broadband,i146mwl,milliseconds,2021,2024,4,49.8,True
"Price regulation of international retail roaming services (voice, SMS)",tpTelecom_Price_Retail_Mobile_InternationalRoaming,,2012,2022,4,,False
Price regulation of interconnection: fixed termination services,tpTelecom_Price_Wholesale_InterconFixedTermination,,2012,2022,4,,False
Price regulation of retail Internet access and data services,tpTelecom_Price_Retial_Mobile_InternetAndData,,2012,2022,4,,False
Price regulation of interconnection: fixed origination services,tpTelecom_Price_Wholesale_InterconFixedOrigination,,2012,2022,4,,False
Price regulation of access to international gateways,tpTelecom_Price_Wholesale_InternationalGateways,,2012,2022,4,,False
Price regulation of interconnection: mobile termination services,tpTelecom_Price_Wholesale_InterconMobileTerminatio,,2012,2022,4,,False
Price regulation of interconnection: mobile origination services,tpTelecom_Price_Wholesale_InterconMobileOriginatio,,2012,2022,4,,False
Price regulation of access to Internet exchange points (IXPs),tpTelecom_Price_Wholesale_IXP,,2012,2022,4,,False
Conditions for porting over mobile networks,trMobileConditionsForPortingRegulated,,2018,2022,4,,False
Other requirements to obtain a licence,trAreThereOtherLicensingCriteria,,2018,2022,4,,False
"Overlapping mandates in spectrum management, allocation and assignment",trICTspectrumManagementCoincide,,2018,2022,4,,False
At work,HHU4212w_HHTotalIndividual,%,2013,2024,4,21.165685918808308,True
By broadband,HHA4213b_HHTotalHousehold,%,2013,2023,4,41.9493985365079,False
Individuals using a computer,HHU422_HHTotalIndividual,%,2013,2024,4,11.316695155676808,True
Interacting with general government organizations,HHU4212aiv_HHTotalIndividual,%,2013,2024,4,1.1086428682554508,True
By terrestrial fixed (wireless) broadband network,HHA4213twb_HHTotalHousehold,%,2013,2024,4,0.0,True
Cost model depend on cost accounting data,tpCostModel_Accounting,,2012,2022,4,,False
Retail international mobile roaming prices regulated,tpIMR_RetailRegulated,,2012,2022,4,,False
Does the law establish a clear appointment process and selection criteria for the Head/Chairperson/Commissioners of the ICT Regulatory Authority?,trDoesLawClearSelectionHead,,2018,2022,4,,False
Sanctions for non-conformance with QoS requirements exist,trQOS_Sanctions,,2018,2022,4,,False
Municipal network initiatives,trMunicipalNetworkInitiativesExist,,2018,2022,4,,False
Less than once a week,HHU4212fm_HHTotalIndividual,%,2013,2024,4,7.7502216421069425,True
Legal instruments - Significant Market Power (SMP),trSMPConceptDefined,,2018,2022,4,,False
ICT Regulator responsible for e-Applications,trResponsibilitiesToEApplications,,2012,2020,4,,False
Sanctions for non-conformance with QoS requirements applied,trQoSSanctionApplied,,2018,2022,4,,False
USF financing,trUSFOtherSource_YesNo,,2012,2018,4,,False
At least once a day,HHU4212fd_HHTotalIndividual,%,2013,2024,4,72.42353995467352,True
Sending or receiving e-mail,HHU4212ace_HHTotalIndividual,%,2013,2024,4,12.314576242832077,True
Ethics rules in place at the ICT regulator,trRulesApplyToRAStaff,,2018,2022,4,,False
Fibre,trFibreCompetition,,2018,2022,4,,False
International mobile roaming services available,tpMobileRoaming_AvailableServices,,2012,2022,4,,False
Price regulation of retail satellite TV services,tpTelecom_Price_Retail_Broadcast_SatTV,,2012,2022,4,,False
Organizational structure - Modalities of change,trRModifyStructureWithoutApproval,,2018,2022,4,,False
Overruling of regulatory decisions,trSectorMinistryOverruleRA,,2018,2022,4,,False
Number of geographic tariff zones,tpInterconnection_NumberZones,,2012,2022,4,,False
Charging principle adopted,tpInterconnection_ChargingPolicy,,2012,2022,4,,False
Charging regime fixed services,tpInterconnection_ChargingRegime,,2012,2022,4,,False
Charges revision,tpInterconnection_OftenReviewed,,2012,2022,4,,False
Organizational structure setting responsibilities,trOrganizationalStructureRA,,2018,2022,4,,False
Regulatory treatment of foreign providers,trAreForeignProvidersTreatedDifferently,,2018,2022,4,,False
Regulatory decisions to be submitted for approval,trDecisionsSubmittedForApproval,,2018,2022,4,,False
Price regulation of retail terrestrial TV services,tpTelecom_Price_Retail_Broadcast_TerrestrialTV,,2012,2022,4,,False
Wholesale international mobile roaming prices regulated,tpIMR_WholesaleRegulated,,2012,2022,4,,False
Price regulation of retail mobile TV services,tpTelecom_Price_Retail_Broadcast_MobileTV,,2012,2022,4,,False
Price regulation of retail data roaming (Internet connection) services,tpTelecom_Price_Retail_Mobile_DataRoaming,,2012,2022,4,,False
Price regulation of retail international voice services,tpTelecom_Price_Retail_Fixed_International,,2012,2022,4,,False
Price regulation of retail SMS,tpTelecom_Price_Retail_Mobile_SMS,,2012,2022,4,,False
Regulatory incentives for telecom/ICT operators,trRegulatoryIncentivesOperators,,2018,2022,4,,False
Price regulation of retail national long distance voice services,tpTelecom_Price_Retail_Fixed_NationalVoice,,2012,2022,4,,False
Price regulation of retail voice services,tpTelecom_Price_Retail_Mobile_Voice,,2012,2022,4,,False
At home,HHU4212h_HHTotalIndividual,%,2013,2024,4,87.04304698530457,True
At least 5G,i271G5_pop,%,2021,2024,4,0.0,True
Alternative dispute resolution,trDispMech_ADR,,2005,2015,4,,False
Type of connection to international transit,tpInterInternetConn_TypeConnection,,2012,2022,4,,False
Are the grounds for removal of the Head/Commissioners of the ICT Regulatory Authority set forth in the law?,trAreGroundsRemovalHeadSet,,2020,2022,3,,False
Subscriptions to fixed-broadband and fixed-telephone bundles,i4213_2x,count,2021,2024,3,284748.0,True
Telecom service providers allowed to offer geographically differentiated broadband services,tpBroadbandPricing_Differentiate,,2013,2022,3,,False
Households with a radio,HHA955_HHTotalHousehold,%,2021,2024,3,15.203265738438596,True
Have access to the Internet elsewhere,HHA4213be_HHTotalHousehold,%,2021,2024,3,39.77604731709969,True
At community Internet access facility,HHU4212cf_HHTotalIndividual,%,2021,2024,3,15.650706662585137,True
ICT Regulator has jurisdiction over OTTs,trJurisdictionRegulateOTTs,,2015,2020,3,,False
"Accessing or posting opinions on chat sites, blogs, newsgroups or discussions",HHU4212acb_HHTotalIndividual,%,2021,2024,3,5.430431476291258,True
Writing a computer program using a programming language,HHU781w_HHTotalIndividual,%,2021,2024,3,0.6971876631018094,True
What are the reasons for removal?,trReasonsForRemoval,,2020,2022,3,,False
Broadband services are part of universal service/access scheme,tpBroadbandPricing_Universal,,2013,2022,3,,False
Are operators taken any measures to reduce the risk of bill shock,tpIMR_MeasuresToReduceBillShock,,2013,2022,3,,False
"Mobile broadband data and voice high-consumption basket total (140 min, 20 SMS, 5 GB)",i271mb_high_5GB_GNI,% GNI per capita,2025,2025,3,2.68,False
Cost of Internet use is too high,HHU4212rc_HHTotalIndividual,%,2021,2024,3,17.61212058607456,True
Cost of service is too high,HHA4213bs_HHTotalHousehold,%,2021,2024,3,46.19035390096906,True
No electricity in the household,HHA4213bd_HHTotalHousehold,%,2021,2024,3,0.0033990739465076,True
Not allowed to use the Internet,HHU4212rh_HHTotalIndividual,%,2021,2024,3,9.312348822214393,True
"Mobile broadband data and voice low-consumption basket total (70 min, 50 SMS, 1 GB)",i271mb_low_1GB$,% GNI per capita,2025,2025,3,9.15,False
By portable computer - via WiFi or other wireless networks,HHU4212compwifi_HHTotalIndividual,%,2021,2024,3,6.488125117662633,True
By mobile phone - via mobile cellular network,HHU4212mobcell_HHTotalIndividual,%,2021,2024,3,78.32221860722478,True
By mobile phone - via WiFi or other wireless networks,HHU4212mobwifi_HHTotalIndividual,%,2021,2024,3,53.71801121231414,True
Measures applied to reduce the risk of bill shock,tpIMR_KindMeasuresToReduceBillShock,,2013,2022,3,,False
Managing authority of USF,trUSFmanagingAuthority,,2013,2018,3,,False
Looking for a job or sending/submitting a job application,HHU4212aja_HHTotalIndividual,%,2021,2024,3,4.15247000067405,True
Creating electronic presentations with presentation software,HHU781p_HHTotalIndividual,%,2021,2024,3,1.032717802464805,True
Retail fixed broadband services,tpBroadbandPricing_RetailFixedServices,,2013,2022,3,,False
By tablet - via mobile cellular network,HHU4212tabcell_HHTotalIndividual,%,2021,2024,3,10.558484561979188,True
Cable TV (CATV),HHA965mc_HHTotalHousehold,%,2021,2024,3,49.00239266314128,True
"Changing privacy settings on your device, account or app",HHU781l_HHTotalIndividual,%,2021,2024,3,0.5886787948041506,True
Retail fixed broadband access service,tpBroadbandPricing_RetailFixedAccess,,2013,2022,3,,False
Jurisdiction over radio spectrum issues,trJurisdictionSpectrumManagement,,2020,2022,3,,False
Lack of local content,HHU4212ri_HHTotalIndividual,%,2021,2024,3,2.0817793046718114,True
Sending e-mails with attached files,HHU781e_HHTotalIndividual,%,2021,2024,3,1.6953425895448708,True
Downloading software or applications,HHU4212ada_HHTotalIndividual,%,2013,2023,3,11.4469776314962,False
Internet-protocol TV (IPTV),HHA965mi_HHTotalHousehold,%,2021,2024,3,6.5585629888897525,True
Don’t know what Internet is,HHU4212rg_HHTotalIndividual,%,2021,2024,3,5.361935965298752,True
Do not know how to use it,HHU4212rb_HHTotalIndividual,%,2021,2024,3,49.96639058688621,True
Direct-to-home (DTH) satellite services,HHA965ms_HHTotalHousehold,%,2021,2024,3,1.3702234296018456,True
Digital terrestrial TV (DTT),HHA965mt_HHTotalHousehold,%,2021,2024,3,9.936619989582422,True
Internet service is available but it does not correspond to household needs,HHA4213bh_HHTotalHousehold,%,2021,2024,3,11.86523814364324,True
Internet of Things (IoT) regulations,trAdoptedRegulationM2M,,2015,2020,3,,False
ICT sector - Relevant markets,trLegalInstruments_RelevantMarkets,,2020,2022,3,,False
Facility open to the public,HHU4212fop_HHTotalIndividual,%,2021,2024,3,4.612032018616637,True
Setting up effective security measures to protect devices and accounts,HHU781m_HHTotalIndividual,%,2021,2024,3,0.149238131139262,True
ICT sector - Significant Market Power,trLegalInstruments_SMP,,2020,2022,3,,False
"Finding, downloading, installing and configuring software",HHU781s_HHTotalIndividual,%,2021,2024,3,1.5761779987059743,True
Service providers required to contribute to USF,trUSFOpContrib,,2013,2018,3,,False
Cost of the equipment is too high,HHA4213bc_HHTotalHousehold,%,2021,2024,3,49.57022171338072,True
By tablet - via WiFi or other wireless networks,HHU4212tabwifi_HHTotalIndividual,%,2021,2024,3,0.1643367028030698,True
By portable computer - via mobile cellular network,HHU4212compcell_HHTotalIndividual,%,2021,2024,3,10.65999182224609,True
Price regulation of unbundled local loop,tpTelecom_Price_Wholesale_ULL,,2012,2014,3,,False
Connecting and installing new devices,HHU781i_HHTotalIndividual,%,2021,2024,3,1.0451207138828715,True
Number portability currently available to mobile subscribers,trNumberPortabilityMobileYes,,2012,2015,3,,False
Number portability currently available to fixed subscribers,trNumberPortabilityFixedYes,,2012,2015,3,,False
Regulatory practice applied for retail international mobile roaming regulated prices,tpIMR_RetailRegulatoryPractice,,2013,2022,3,,False
Charging regime mobile services,tpInterconnectionMobile_ChargingRegime,,2013,2022,3,,False
Other entity responsible for e-Applications,trResponsibleEAppsOther,,2012,2015,3,,False
Price regulation of retail cable TV services,tpTelecom_Price_Retail_Broadcast_CableTV,,2013,2022,3,,False
"Consulting wikis, encyclopaedias or other websites for learning purposes",HHU4212awl_HHTotalIndividual,%,2013,2023,3,1.47824591683738,False
Portion of access costs to international connection in retail price,tpInterInternetConn_PortionOfCost,,2013,2022,3,,False
Participating in professional networks,HHU4212apn_HHTotalIndividual,%,2021,2024,3,4.6978945733134765,True
"Price regulation of national retail roaming services (voice, SMS)",tpTelecom_Price_Retail_Mobile_NationalRoaming,,2013,2022,3,,False
Price regulation of national voice roaming,tpTelecom_Price_Wholesale_NationalVoice,,2012,2014,3,,False
Price regulation of retail IPTV services,tpTelecom_Price_Retail_Broadcast_IPTV,,2013,2022,3,,False
Price regulation of international voice roaming,tpTelecom_Price_Wholesale_InternationalVoice,,2012,2014,3,,False
Wholesale fixed broadband access service,tpBroadbandPricing_WholesaleFixedAccess,,2013,2022,3,,False
Wholesale fixed broadband service offered to retail service providers,tpBroadbandPricing_WholesaleFixedServices,,2013,2022,3,,False
Who regulates issues related to the Internet of Things?,trRegulatorResponsibilitiesM2M,,2015,2020,3,,False
Verifying the reliability of information found online,HHU781v_HHTotalIndividual,%,2021,2024,3,0.9965163917884756,True
Using services related to travel or travel-related accommodation,HHU4212ast_HHTotalIndividual,%,2021,2024,3,9.972335014385928,True
"Using storage space on the Internet to save documents, pictures, music, video or other files",HHU4212asp_HHTotalIndividual,%,2021,2024,3,12.114025163013933,True
Using basic arithmetic formula in a spreadsheet,HHU781f_HHTotalIndividual,%,2021,2024,3,1.7983750301624015,True
Using copy and paste tools within a document,HHU781d_HHTotalIndividual,%,2021,2024,3,2.3724218741617253,True
Allowed foreign ownership in Internet Service Providers (ISPs),trPS_ISP,,2004,2015,2,,False
Allowed foreign ownership in Value-added service providers,trPS_VASP,,2004,2015,2,,False
Allowed foreign ownership in facilities-based operators,trPS_FBO,,2004,2015,2,,False
Wholesale mobile broadband services offered to retail service providers,tpBroadbandPricing_WholesaleMobileServices,,2013,2014,2,,False
Allowed foreign ownership in international service operators,trPS_ISO,,2004,2015,2,,False
Allowed foreign ownership in local service operators,trPS_LSO,,2004,2015,2,,False
Allowed foreign ownership in long-distance service operators,trPS_LDSO,,2004,2015,2,,False
Allowed foreign ownership in spectrum-based operators,trPS_SBO,,2004,2015,2,,False
Transferring files between a computer and other devices,HHU781t_HHTotalIndividual,%,2021,2023,2,5.80226295564104,False
Wholesale mobile broadband access service,tpBroadbandPricing_WholesaleMobileAccess,,2013,2014,2,,False
Trust concerns,HHU23f_HHTotalIndividual,%,2021,2023,2,3.99917669775845,False
Number of countries with which there is an operator-level roaming agreement,i133rm,count,2023,2024,2,197.0,True
Regulatory practice applied for wholesale international mobile roaming prices,tpIMR_WholesaleRegulatoryPractice,,2013,2014,2,,False
Proportion of households with electricity,HHR1_HHTotalHousehold,%,2013,2021,2,98.8563657681538,False
Privacy concerns,HHU23d_HHTotalIndividual,%,2021,2023,2,2.14520291439331,False
Price regulation of leased lines,tpTelecom_Price_Wholesale_LeasedLines,,2013,2014,2,,False
Price regulation of line rental,tpTelecom_Price_Wholesale_LineRental,,2013,2014,2,,False
Prefer to shop in person,HHU23b_HHTotalIndividual,%,2021,2023,2,21.1021263336976,False
Not interested,HHU23a_HHTotalIndividual,%,2021,2023,2,33.9445556087774,False
ICT accessibility policies,trFramework_ICT_accessibility,,2015,2018,2,,False
Information on licensing requests,trLicensingRequestsPubliclyAvailable,,2018,2018,2,,False
Individuals who own a smart telephone,HHU271sown_HHTotalIndividual,%,2023,2024,2,33.53177602303239,True
Retail mobile broadband application including content*,tpBroadbandPricing_RetailMobileApplications,,2013,2014,2,,False
Security concerns,HHU23c_HHTotalIndividual,%,2021,2023,2,5.08583466787387,False
Selling goods or services,HHU4212asg_HHTotalIndividual,%,2023,2024,2,5.274336108908853,True
Entity approving regulatory decisions,trAuton,,2012,2013,2,,False
Retail mobile broadband services,tpBroadbandPricing_RetailMobileServices,,2013,2014,2,,False
"Lack of confidence, knowledge or skills",HHU23g_HHTotalIndividual,%,2021,2023,2,2.88892514004429,False
Retail mobile broadband access service,tpBroadbandPricing_RetailMobileAccess,,2013,2014,2,,False
By satellite broadband network,HHA4213s_HHTotalHousehold,%,2024,2024,2,0.3667534447850047,True
"Retail fixed broadband applications, including content*",tpBroadbandPricing_RetailFixedApplications,,2013,2014,2,,False
Watching web television,HHU4212awt_HHTotalIndividual,%,2023,2024,2,11.284597256341568,True
ICT Regulator collecting international mobile roaming retail tariff data,tpIMR_Tariff_Collection_Retail,,2014,2022,2,,False
Technical concerns,HHU23e_HHTotalIndividual,%,2021,2023,2,1.83679349383855,False
Individuals using a smart phone,HHU271s_HHTotalIndividual,%,2023,2024,2,45.26911105789449,True
Making an appointment with a health practitioner via a website,HHU4212aha_HHTotalIndividual,%,2023,2024,2,5.42715822915548,True
By other portable devices,HHU4212othpor_HHTotalIndividual,%,2021,2024,2,0.3455949470659514,True
Listening to web radio,HHU4212awr_HHTotalIndividual,%,2023,2024,2,7.393249086031921,True
Active or passive mobile infrastructure sharing,tpInfrastructureSharing_ActivePassive_Mobile,,2022,2022,1,,False
Picked up from point of sale or service point,HHU22b_HHTotalIndividual,%,2021,2021,1,0.686619021371254,False
"Photographic, telecommunications or optical equipment",HHU20n_HHTotalIndividual,%,2021,2021,1,0.0209134261047391,False
Periodicity of review of the SMP status,trConceptDominance_StatusReviewed,,2015,2015,1,,False
Prepaid gift card or online voucher,HHU21f_HHTotalIndividual,%,2021,2021,1,0.020579526472707,False
"Clothing, footwear, sporting goods or accessories",HHU20b_HHTotalIndividual,%,2021,2021,1,1.92914736134606,False
Computer equipment or parts,HHU20c_HHTotalIndividual,%,2021,2021,1,0.508437022736746,False
Computer or video games,HHU20d_HHTotalIndividual,%,2021,2021,1,0.501535122989673,False
Computer software,HHU20e_HHTotalIndividual,%,2021,2021,1,0.131035956117533,False
Travel products (e.g. tickets or bookings),HHU20p_HHTotalIndividual,%,2021,2021,1,1.2051792952076,False
Traditional retail mobile services,tpCost_Modelling_Approch_Trad_R_Mobile,,2022,2022,1,,False
Value-added taxes (VAT),tpTelecomTaxesTypes_VAT,,2022,2022,1,,False
Advanced retail mobile services,tpCost_Modelling_Approch_Adv_R_Mobile,,2022,2022,1,,False
"Movies, short films or images",HHU20l_HHTotalIndividual,%,2021,2021,1,0.0125976810107283,False
Mobile money account,HHU21d_HHTotalIndividual,%,2021,2021,1,0.533088825865223,False
Medicine,HHU20k_HHTotalIndividual,%,2021,2021,1,0.0607450609719921,False
Property taxes,tpTelecomTaxesTypes_PropertyTaxes,,2022,2022,1,,False
Projects financed by USFs,trUSF_HowFundsUsedSelect,,2015,2015,1,,False
Online payment service,HHU21e_HHTotalIndividual,%,2021,2021,1,0.0238240091076473,False
Other (e.g. bank check by post),HHU21h_HHTotalIndividual,%,2021,2021,1,0.0237834554287428,False
Price regulation of retail mobile calling cards,tpTelecom_Price_Retail_Mobile_CallingCards,,2022,2022,1,,False
Number of countries with which there is a country-level roaming agreement,i133crm,count,2023,2023,1,0.0,False
Number of Internet service providers (ISPs),tpInternetConn_Providers_Number,,2022,2022,1,2849.0,False
Ownership fees,tpTelecomTaxesTypes_OwnershipFee,,2022,2022,1,,False
Online / electronic delivery by downloading,HHU22c_HHTotalIndividual,%,2021,2021,1,0.097536142737678,False
Consumers,tpTelecomChainTaxes_Consumers,,2022,2022,1,,False
Content taxes (e.g. video-streaming taxes),tpTelecomTaxesTypes_ContentTax,,2022,2022,1,,False
Corporate taxes,tpTelecomTaxesTypes_CorporateTaxes,,2022,2022,1,,False
Cosmetics,HHU20f_HHTotalIndividual,%,2021,2021,1,1.20527183388729,False
Price regulation of national data transit,tpTelecom_NationalDataTransit,,2022,2022,1,,False
Price regulation of OTT voice and messaging,tpTelecom_Price_Retail_OTT_Voice,,2022,2022,1,,False
Price regulation of Bitstream access,tpTelecom_Price_Wholesale_Bitstream,,2022,2022,1,,False
Price regulation of OTT video,tpTelecom_Price_Retail_Video,,2022,2022,1,,False
Is there a billing framework to support charging mechanisms for IoT services and applications?,tpIoT_Regulations_Charging,,2022,2022,1,,False
Country access to international connectivity,tpInternetConn_Access,,2022,2022,1,,False
Credit card online,HHU21b_HHTotalIndividual,%,2021,2021,1,0.11235312780118,False
Review of the SMP status,trIsStatusOfSMPReviewed,,2018,2018,1,,False
Self-regulatory or commercial offers proposed by operators,tpIMR_Measures_Offers,,2022,2022,1,,False
Delivery directly to the buyer using postal services,HHU22a_HHTotalIndividual,%,2021,2021,1,3.61386567067974,False
Internet service providers (ISPs),tpTelecomChainTaxes_ISPs,,2022,2022,1,,False
Cash on delivery,HHU21a_HHTotalIndividual,%,2021,2021,1,3.57211201449891,False
Number of Internet exchange points (IXPs),tpInternetConn_Internet_Exchanges_Number,,2022,2022,1,9.0,False
Debit card or electronic bank transfer online,HHU21c_HHTotalIndividual,%,2021,2021,1,0.0273972834716907,False
National regulation that mandates access to international facilities,tpInternetConn_international_Policy,,2022,2022,1,,False
Music products,HHU20m_HHTotalIndividual,%,2021,2021,1,0.0022119302665779,False
International mobile roaming services are part of the mobile package,tpIMR_Mobile_Package,,2022,2022,1,,False
International landing points,tpInternetConn_NumberLandingStations,,2022,2022,1,,False
Infrastructure sharing for mobile practiced,tpInfrastructureSharing_Mobile,,2022,2022,1,,False
Financial products,HHU20g_HHTotalIndividual,%,2021,2021,1,0.0334785780761204,False
E-commerce providers,tpTelecomChainTaxes_EcommerceProviders,,2022,2022,1,,False
Infrastructure sharing for mobile based on commercial agreement,tpInfrastructureSharing_Agreements_Mobile,,2022,2022,1,,False
Sector specific taxes,tpTelecomTaxesTypes_SectorSpecificTaxes,,2022,2022,1,,False
Import duties,tpTelecommunicationsTaxesTypes_ImportDutiesEquipme,,2022,2022,1,,False
Import duties on handsets,tpTelecommunicationsTaxesTypes_ImportDutiesHandset,,2022,2022,1,,False
Infrastructure sharing for fixed services based on commercial agreement,tpInfrastructureSharing_Agreements_Fixed,,2022,2022,1,,False
"Books, magazines or newspapers",HHU20a_HHTotalIndividual,%,2021,2021,1,1.34219939122132,False
Infrastructure sharing for fixed services practiced,tpInfrastructureSharing_Fixed,,2022,2022,1,,False
Significant reforms planned on IoT/M2M ,tpIoTM2M_Reforms,,2022,2022,1,,False
Specific regulations,trLawRegulationAffectingForeignOwenship_Yes,,2022,2022,1,,False
ICT sector - Other issues,trLegalInstruments_Other,,2018,2018,1,,False
ICT services (excluding software),HHU20j_HHTotalIndividual,%,2021,2021,1,0.0240749097820915,False
Spectrum or license fees subject to value-added taxes (VAT),tpTelecomTaxesTypes_SpectrumSubjectToVAT,,2022,2022,1,,False
Specific requirements to operators and service providers,trCybersecurityServiceRequirements_Yes,,2022,2022,1,,False
Foreign ICT service providers treated differently in terms of taxation,tpForeignServiceTaxationDifferent,,2022,2022,1,,False
Fixed-telephone numbers ported,i112pt,count,2022,2022,1,0.0,False
Household goods,HHU20i_HHTotalIndividual,%,2021,2021,1,0.303731054297541,False
ICT Operators / services providers,tpTelecomChainTaxes_ServicesProviders,,2022,2022,1,,False
ICT Regulator collecting international mobile roaming wholesale tariff data,tpIMR_Tariff_Collection_Wholesale_New,,2022,2022,1,,False
"Food, groceries, alcohol or tobacco",HHU20h_HHTotalIndividual,%,2021,2021,1,2.66344875815137,False
"Subscriptions to fixed-broadband, fixed-telephone and pay-TV bundles",i4213_3x,count,2019,2019,1,25000.0,False
"Taxation of virtual currencies (crypto currency, crypto-assets)? ",tpTax_virtual_currencies,,2022,2022,1,,False
Tickets or bookings for entertainment events,HHU20o_HHTotalIndividual,%,2021,2021,1,0.837786513204832,False
Approach applied for costing fixed origination rates,tpInterconnection_RP_FixedOrigination,,2022,2022,1,,False
Approach applied for costing fixed termination rates,tpInterconnection_RP_FixedTermination,,2022,2022,1,,False
Approach applied for costing mobile origination rates,tpInterconnection_RP_MobileOrigination,,2022,2022,1,,False
Approach applied for costing mobile termination rates,tpInterconnection_RP_MobileTermination,,2022,2022,1,,False
Active or pasive Infrastructure sharing,tpInfrastructureSharing_ActivePassive_Fixed,,2022,2022,1,,False
